"","Birth.frame","Birth.ID","End.frame","End.ID","End.of.Movie","Died1","FUCCI.ON.frame","Questionable","Notes","Birth.time..h.","Lifetime..h.","EOE","Died","G1_time","S_G2_M_time","Match","min_bt_frames","CellLine","phase"
"1",37,"A",446,NA,NA,TRUE,156,NA,NA,12.3,136.3,FALSE,TRUE,39.7,96.7,NA,20,"SC01","early"
"2",37,"A",453,NA,TRUE,NA,155,NA,NA,12.3,138.7,TRUE,FALSE,39.3,99.3,NA,20,"SC01","early"
"3",12,"A",453,NA,TRUE,NA,120,NA,NA,4,147,TRUE,FALSE,36,111,NA,20,"SC01","early"
"4",18,"A",150,NA,NA,NA,130,NA,NA,6,44,FALSE,FALSE,37.3,6.7,NA,20,"SC01","early"
"5",18,"A",184,NA,NA,NA,128,NA,NA,6,55.3,FALSE,FALSE,36.7,18.7,NA,20,"SC01","early"
"6",185,"A",334,NA,NA,TRUE,NA,NA,NA,61.7,49.7,FALSE,TRUE,49.7,0,NA,20,"SC01","early"
"7",185,"A",248,NA,NA,TRUE,240,NA,NA,61.7,21,FALSE,TRUE,18.3,2.7,NA,20,"SC01","early"
"8",9,"A",192,NA,NA,NA,143,NA,NA,3,61,FALSE,FALSE,44.7,16.3,NA,20,"SC01","early"
"9",9,"A",142,NA,NA,NA,86,NA,NA,3,44.3,FALSE,FALSE,25.7,18.7,NA,20,"SC01","early"
"10",11,"A",225,NA,NA,TRUE,162,NA,NA,3.7,71.3,FALSE,TRUE,50.3,21,NA,20,"SC01","early"
"11",11,"A",122,NA,NA,NA,90,NA,NA,3.7,37,FALSE,FALSE,26.3,10.7,NA,20,"SC01","early"
"12",17,"A",104,NA,NA,NA,72,NA,NA,5.7,29,FALSE,FALSE,18.3,10.7,NA,20,"SC01","early"
"13",143,"A",267,NA,NA,NA,224,NA,NA,47.7,41.3,FALSE,FALSE,27,14.3,NA,20,"SC01","early"
"14",193,"A",268,NA,NA,TRUE,263,NA,NA,64.3,25,FALSE,TRUE,23.3,1.7,NA,20,"SC01","early"
"15",123,"A",290,NA,NA,NA,253,NA,NA,41,55.7,FALSE,FALSE,43.3,12.3,NA,20,"SC01","early"
"16",123,"A",453,NA,TRUE,NA,450,NA,NA,41,110,TRUE,FALSE,109,1,NA,20,"SC01","early"
"17",34,"A",132,NA,NA,TRUE,NA,NA,NA,11.3,32.7,FALSE,TRUE,32.7,0,NA,20,"SC01","early"
"18",34,"A",207,NA,NA,TRUE,75,NA,NA,11.3,57.7,FALSE,TRUE,13.7,44,NA,20,"SC01","early"
"19",105,"A",348,NA,NA,NA,156,NA,NA,35,81,FALSE,FALSE,17,64,NA,20,"SC01","early"
"20",105,"A",267,NA,NA,NA,224,NA,NA,35,54,FALSE,FALSE,39.7,14.3,NA,20,"SC01","early"
"21",46,"A",243,NA,NA,NA,146,NA,NA,15.3,65.7,FALSE,FALSE,33.3,32.3,NA,20,"SC01","early"
"22",46,"A",184,NA,NA,NA,158,NA,NA,15.3,46,FALSE,FALSE,37.3,8.7,NA,20,"SC01","early"
"23",244,"A",289,NA,NA,NA,281,NA,NA,81.3,15,FALSE,FALSE,12.3,2.7,NA,20,"SC01","early"
"24",185,"B",283,NA,NA,TRUE,258,NA,NA,61.7,32.7,FALSE,TRUE,24.3,8.3,NA,20,"SC01","early"
"25",185,"B",334,NA,NA,NA,317,NA,NA,61.7,49.7,FALSE,FALSE,44,5.7,NA,20,"SC01","early"
"26",268,"A",453,NA,TRUE,NA,NA,NA,NA,89.3,61.7,TRUE,FALSE,61.7,0,NA,20,"SC01","early"
"27",167,"A",453,NA,TRUE,NA,308,NA,NA,55.7,95.3,TRUE,FALSE,47,48.3,NA,20,"SC01","early"
"28",167,"A",453,NA,TRUE,NA,292,NA,NA,55.7,95.3,TRUE,FALSE,41.7,53.7,NA,20,"SC01","early"
"29",221,"A",313,NA,NA,TRUE,NA,NA,NA,73.7,30.7,FALSE,TRUE,30.7,0,NA,20,"SC01","early"
"30",288,"A",328,NA,NA,TRUE,NA,NA,NA,96,13.3,FALSE,TRUE,13.3,0,NA,20,"SC01","early"
"31",19,"A",133,NA,NA,NA,108,NA,NA,6.3,38,FALSE,FALSE,29.7,8.3,NA,20,"SC01","early"
"32",19,"A",109,NA,NA,NA,83,NA,NA,6.3,30,FALSE,FALSE,21.3,8.7,NA,20,"SC01","early"
"33",23,"A",115,NA,NA,TRUE,55,NA,NA,7.7,30.7,FALSE,TRUE,10.7,20,NA,20,"SC01","early"
"34",23,"A",329,NA,NA,NA,137,NA,NA,7.7,102,FALSE,FALSE,38,64,NA,20,"SC01","early"
"35",23,"B",151,NA,NA,NA,129,NA,NA,7.7,42.7,FALSE,FALSE,35.3,7.3,NA,20,"SC01","early"
"36",23,"B",374,NA,NA,NA,344,NA,NA,7.7,117,FALSE,FALSE,107,10,NA,20,"SC01","early"
"37",110,"A",186,NA,NA,TRUE,NA,NA,NA,36.7,25.3,FALSE,TRUE,25.3,0,NA,20,"SC01","early"
"38",110,"A",217,NA,NA,NA,190,NA,NA,36.7,35.7,FALSE,FALSE,26.7,9,NA,20,"SC01","early"
"39",134,"A",184,NA,NA,NA,168,NA,NA,44.7,16.7,FALSE,FALSE,11.3,5.3,NA,20,"SC01","early"
"40",134,"A",191,NA,NA,NA,170,NA,NA,44.7,19,FALSE,FALSE,12,7,NA,20,"SC01","early"
"41",218,"A",335,NA,NA,TRUE,NA,NA,NA,72.7,39,FALSE,TRUE,39,0,NA,20,"SC01","early"
"42",152,"A",453,NA,TRUE,NA,NA,NA,NA,50.7,100.3,TRUE,FALSE,100.3,0,NA,20,"SC01","early"
"43",375,"A",453,NA,TRUE,NA,NA,NA,NA,125,26,TRUE,FALSE,26,0,NA,20,"SC01","early"
"44",375,"A",453,NA,TRUE,NA,NA,NA,NA,125,26,TRUE,FALSE,26,0,NA,20,"SC01","early"
"45",192,"A",259,NA,NA,NA,231,NA,NA,64,22.3,FALSE,FALSE,13,9.3,NA,20,"SC01","early"
"46",29,"A",408,NA,NA,TRUE,NA,NA,NA,9.7,126.3,FALSE,TRUE,126.3,0,NA,20,"SC01","early"
"47",26,"A",429,NA,NA,TRUE,183,NA,NA,8.7,134.3,FALSE,TRUE,52.3,82,NA,20,"SC01","early"
"48",26,"A",353,NA,NA,NA,299,NA,NA,8.7,109,FALSE,FALSE,91,18,NA,20,"SC01","early"
"49",24,"A",295,NA,NA,TRUE,165,NA,NA,8,90.3,FALSE,TRUE,47,43.3,NA,20,"SC01","early"
"50",24,"A",453,NA,TRUE,NA,207,NA,NA,8,143,TRUE,FALSE,61,82,NA,20,"SC01","early"
"51",26,"B",136,NA,NA,TRUE,NA,NA,NA,8.7,36.7,FALSE,TRUE,36.7,0,NA,20,"SC01","early"
"52",26,"B",142,NA,NA,TRUE,NA,NA,NA,8.7,38.7,FALSE,TRUE,38.7,0,NA,20,"SC01","early"
"53",151,"B",273,NA,NA,TRUE,241,NA,NA,50.3,40.7,FALSE,TRUE,30,10.7,NA,20,"SC01","early"
"54",151,"B",345,NA,NA,NA,333,NA,NA,50.3,64.7,FALSE,FALSE,60.7,4,NA,20,"SC01","early"
"55",192,"B",250,NA,NA,TRUE,NA,NA,NA,64,19.3,FALSE,TRUE,19.3,0,NA,20,"SC01","early"
"56",192,"B",250,NA,NA,TRUE,NA,NA,NA,64,19.3,FALSE,TRUE,19.3,0,NA,20,"SC01","early"
"57",16,"A",131,NA,NA,NA,91,NA,NA,5.3,38.3,FALSE,FALSE,25,13.3,NA,20,"SC01","early"
"58",16,"A",106,NA,NA,NA,75,NA,NA,5.3,30,FALSE,FALSE,19.7,10.3,NA,20,"SC01","early"
"59",107,"A",225,NA,NA,NA,176,NA,NA,35.7,39.3,FALSE,FALSE,23,16.3,NA,20,"SC01","early"
"60",132,"A",352,NA,NA,TRUE,301,NA,NA,44,73.3,FALSE,TRUE,56.3,17,NA,20,"SC01","early"
"61",132,"A",453,NA,TRUE,NA,283,NA,NA,44,107,TRUE,FALSE,50.3,56.7,NA,20,"SC01","early"
"62",226,"A",453,NA,TRUE,NA,NA,NA,NA,75.3,75.7,TRUE,FALSE,75.7,0,NA,20,"SC01","early"
"63",226,"A",453,NA,TRUE,NA,415,NA,NA,75.3,75.7,TRUE,FALSE,63,12.7,NA,20,"SC01","early"
"64",371,"A",453,NA,TRUE,NA,413,NA,NA,123.7,27.3,TRUE,FALSE,14,13.3,NA,20,"SC01","early"
"65",371,"A",453,NA,TRUE,NA,407,NA,NA,123.7,27.3,TRUE,FALSE,12,15.3,NA,20,"SC01","early"
"66",33,"A",136,NA,NA,NA,103,NA,NA,11,34.3,FALSE,FALSE,23.3,11,NA,20,"SC01","early"
"67",33,"A",116,NA,NA,TRUE,76,NA,NA,11,27.7,FALSE,TRUE,14.3,13.3,NA,20,"SC01","early"
"68",138,"A",205,NA,NA,NA,175,NA,NA,46,22.3,FALSE,FALSE,12.3,10,NA,20,"SC01","early"
"69",145,"A",341,NA,NA,TRUE,NA,NA,NA,48.3,65.3,FALSE,TRUE,65.3,0,NA,20,"SC01","early"
"70",185,"D",345,NA,NA,TRUE,328,NA,NA,61.7,53.3,FALSE,TRUE,47.7,5.7,NA,20,"SC01","early"
"71",227,"A",453,NA,TRUE,NA,NA,NA,NA,75.7,75.3,TRUE,FALSE,75.3,0,NA,20,"SC01","early"
"72",227,"A",453,NA,TRUE,NA,NA,NA,NA,75.7,75.3,TRUE,FALSE,75.3,0,NA,20,"SC01","early"
"73",32,"A",221,NA,NA,NA,184,NA,NA,10.7,63,FALSE,FALSE,50.7,12.3,NA,20,"SC01","early"
"74",32,"A",198,NA,NA,TRUE,183,NA,NA,10.7,55.3,FALSE,TRUE,50.3,5,NA,20,"SC01","early"
"75",33,"B",453,NA,NA,TRUE,68,NA,NA,11,140,FALSE,TRUE,11.7,128.3,NA,20,"SC01","early"
"76",33,"B",339,NA,NA,NA,157,NA,NA,11,102,FALSE,FALSE,41.3,60.7,NA,20,"SC01","early"
"77",222,"A",277,NA,NA,TRUE,NA,NA,NA,74,18.3,FALSE,TRUE,18.3,0,NA,20,"SC01","early"
"78",222,"A",453,NA,TRUE,NA,384,NA,NA,74,77,TRUE,FALSE,54,23,NA,20,"SC01","early"
"79",79,"A",96,NA,NA,TRUE,NA,NA,NA,26.3,5.7,FALSE,TRUE,5.7,0,NA,20,"SC01","early"
"80",79,"A",96,NA,NA,TRUE,NA,NA,NA,26.3,5.7,FALSE,TRUE,5.7,0,NA,20,"SC01","early"
"81",81,"A",108,NA,NA,TRUE,NA,NA,NA,27,9,FALSE,TRUE,9,0,NA,20,"SC01","early"
"82",81,"A",111,NA,NA,TRUE,NA,NA,NA,27,10,FALSE,TRUE,10,0,NA,20,"SC01","early"
"83",15,"A",300,NA,NA,NA,281,NA,NA,5,95,FALSE,FALSE,88.7,6.3,NA,20,"SC01","early"
"84",15,"A",125,NA,NA,NA,97,NA,NA,5,36.7,FALSE,FALSE,27.3,9.3,NA,20,"SC01","early"
"85",126,"A",236,NA,NA,TRUE,NA,NA,NA,42,36.7,FALSE,TRUE,36.7,0,NA,20,"SC01","early"
"86",126,"A",331,NA,NA,NA,219,NA,NA,42,68.3,FALSE,FALSE,31,37.3,NA,20,"SC01","early"
"87",301,"A",429,NA,NA,TRUE,NA,NA,NA,100.3,42.7,FALSE,TRUE,42.7,0,NA,20,"SC01","early"
"88",332,"A",366,NA,NA,TRUE,NA,NA,NA,110.7,11.3,FALSE,TRUE,11.3,0,NA,20,"SC01","early"
"89",332,"A",344,NA,NA,TRUE,NA,NA,NA,110.7,4,FALSE,TRUE,4,0,NA,20,"SC01","early"
"90",104,"A",170,NA,NA,NA,140,NA,NA,34.7,22,FALSE,FALSE,12,10,NA,20,"SC01","early"
"91",171,"A",453,NA,TRUE,NA,275,NA,NA,57,94,TRUE,FALSE,34.7,59.3,NA,20,"SC01","early"
"92",21,"A",88,NA,NA,TRUE,NA,NA,NA,7,22.3,FALSE,TRUE,22.3,0,NA,20,"SC01","early"
"93",21,"A",129,NA,NA,TRUE,NA,NA,NA,7,36,FALSE,TRUE,36,0,NA,20,"SC01","early"
"94",58,"A",227,NA,NA,NA,165,NA,NA,19.3,56.3,FALSE,FALSE,35.7,20.7,NA,20,"SC01","early"
"95",108,"A",169,NA,NA,NA,142,NA,NA,36,20.3,FALSE,FALSE,11.3,9,NA,20,"SC01","early"
"96",108,"A",177,NA,NA,NA,144,NA,NA,36,23,FALSE,FALSE,12,11,NA,20,"SC01","early"
"97",170,"A",235,NA,NA,TRUE,NA,NA,NA,56.7,21.7,FALSE,TRUE,21.7,0,NA,20,"SC01","early"
"98",170,"A",394,NA,NA,TRUE,NA,NA,NA,56.7,74.7,FALSE,TRUE,74.7,0,NA,20,"SC01","early"
"99",178,"A",392,NA,NA,TRUE,NA,NA,NA,59.3,71.3,FALSE,TRUE,71.3,0,NA,20,"SC01","early"
"100",178,"A",453,NA,TRUE,NA,NA,NA,NA,59.3,91.7,TRUE,FALSE,91.7,0,NA,20,"SC01","early"
"101",138,"B",453,NA,TRUE,NA,NA,NA,NA,46,105,TRUE,FALSE,105,0,NA,20,"SC01","early"
"102",196,"A",302,NA,NA,NA,281,NA,NA,65.3,35.3,FALSE,FALSE,28.3,7,NA,20,"SC01","early"
"103",196,"A",453,NA,TRUE,NA,NA,NA,NA,65.3,85.7,TRUE,FALSE,85.7,0,NA,20,"SC01","early"
"104",303,"A",453,NA,TRUE,NA,NA,NA,NA,101,50,TRUE,FALSE,50,0,NA,20,"SC01","early"
"105",303,"A",453,NA,TRUE,NA,NA,NA,NA,101,50,TRUE,FALSE,50,0,NA,20,"SC01","early"
"106",14,"A",103,NA,NA,TRUE,NA,NA,NA,4.7,29.7,FALSE,TRUE,29.7,0,NA,20,"SC01","early"
"107",14,"A",140,NA,NA,TRUE,113,NA,NA,4.7,42,FALSE,TRUE,33,9,NA,20,"SC01","early"
"108",30,"A",198,NA,NA,NA,158,NA,NA,10,56,FALSE,FALSE,42.7,13.3,NA,20,"SC01","early"
"109",30,"A",176,NA,NA,NA,123,NA,NA,10,48.7,FALSE,FALSE,31,17.7,NA,20,"SC01","early"
"110",30,"B",123,NA,NA,TRUE,NA,NA,NA,10,31,FALSE,TRUE,31,0,NA,20,"SC01","early"
"111",30,"B",146,NA,NA,TRUE,NA,NA,NA,10,38.7,FALSE,TRUE,38.7,0,NA,20,"SC01","early"
"112",177,"A",287,NA,NA,TRUE,281,NA,NA,59,36.7,FALSE,TRUE,34.7,2,NA,20,"SC01","early"
"113",177,"A",453,NA,TRUE,NA,NA,NA,NA,59,92,TRUE,FALSE,92,0,NA,20,"SC01","early"
"114",199,"A",453,NA,TRUE,NA,NA,NA,NA,66.3,84.7,TRUE,FALSE,84.7,0,NA,20,"SC01","early"
"115",21,"B",145,NA,NA,NA,105,NA,NA,7,41.3,FALSE,FALSE,28,13.3,NA,20,"SC01","early"
"116",21,"B",150,NA,NA,NA,118,NA,NA,7,43,FALSE,FALSE,32.3,10.7,NA,20,"SC01","early"
"117",146,"A",230,NA,NA,TRUE,183,NA,NA,48.7,28,FALSE,TRUE,12.3,15.7,NA,20,"SC01","early"
"118",146,"A",305,NA,NA,TRUE,NA,NA,NA,48.7,53,FALSE,TRUE,53,0,NA,20,"SC01","early"
"119",152,"B",234,NA,NA,TRUE,NA,NA,NA,50.7,27.3,FALSE,TRUE,27.3,0,NA,20,"SC01","early"
"120",152,"B",242,NA,NA,NA,232,NA,NA,50.7,30,FALSE,FALSE,26.7,3.3,NA,20,"SC01","early"
"121",243,"A",359,NA,NA,TRUE,NA,NA,NA,81,38.7,FALSE,TRUE,38.7,0,NA,20,"SC01","early"
"122",29,"B",175,NA,NA,NA,135,NA,NA,9.7,48.7,FALSE,FALSE,35.3,13.3,NA,20,"SC01","early"
"123",105,"B",164,NA,NA,NA,145,NA,NA,35,19.7,FALSE,FALSE,13.3,6.3,NA,20,"SC01","early"
"124",176,"A",244,NA,NA,TRUE,NA,NA,NA,58.7,22.7,FALSE,TRUE,22.7,0,NA,20,"SC01","early"
"125",176,"A",453,NA,TRUE,NA,344,NA,NA,58.7,92.3,TRUE,FALSE,56,36.3,NA,20,"SC01","early"
"126",17,"B",116,NA,NA,TRUE,NA,NA,NA,5.7,33,FALSE,TRUE,33,0,NA,20,"SC01","early"
"127",17,"B",117,NA,NA,TRUE,NA,NA,NA,5.7,33.3,FALSE,TRUE,33.3,0,NA,20,"SC01","early"
"128",28,"A",453,NA,TRUE,NA,NA,NA,NA,9.3,141.7,TRUE,FALSE,141.7,0,NA,20,"SC01","early"
"129",39,"A",135,NA,NA,NA,98,NA,NA,13,32,FALSE,FALSE,19.7,12.3,NA,20,"SC01","early"
"130",162,"B",216,NA,NA,TRUE,NA,NA,NA,54,18,FALSE,TRUE,18,0,NA,20,"SC07","early"
"131",162,"B",262,NA,NA,TRUE,NA,NA,NA,54,33.3,FALSE,TRUE,33.3,0,NA,20,"SC07","early"
"132",77,"A",199,NA,NA,TRUE,NA,NA,NA,25.7,40.7,FALSE,TRUE,40.7,0,NA,20,"SC07","early"
"133",77,"A",331,NA,NA,TRUE,208,NA,NA,25.7,84.7,FALSE,TRUE,43.7,41,NA,20,"SC07","early"
"134",94,"A",302,NA,NA,TRUE,262,NA,NA,31.3,69.3,FALSE,TRUE,56,13.3,NA,20,"SC07","early"
"135",170,"A",330,NA,NA,TRUE,305,NA,NA,56.7,53.3,FALSE,TRUE,45,8.3,NA,20,"SC07","early"
"136",84,"A",375,NA,NA,TRUE,305,NA,NA,28,97,FALSE,TRUE,73.7,23.3,NA,20,"SC07","early"
"137",229,"B",330,NA,NA,TRUE,316,NA,NA,76.3,33.7,FALSE,TRUE,29,4.7,NA,20,"SC07","early"
"138",229,"B",371,NA,NA,TRUE,339,NA,NA,76.3,47.3,FALSE,TRUE,36.7,10.7,NA,20,"SC07","early"
"139",151,"A",372,NA,NA,TRUE,351,NA,NA,50.3,73.7,FALSE,TRUE,66.7,7,NA,20,"SC07","early"
"140",320,"A",325,NA,NA,TRUE,NA,NA,NA,106.7,1.7,FALSE,TRUE,1.7,0,NA,20,"SC07","early"
"141",320,"A",325,NA,NA,TRUE,NA,NA,NA,106.7,1.7,FALSE,TRUE,1.7,0,NA,20,"SC07","early"
"142",312,"A",331,NA,NA,TRUE,NA,NA,NA,104,6.3,FALSE,TRUE,6.3,0,NA,20,"SC07","early"
"143",34,"A",249,NA,NA,TRUE,230,NA,NA,11.3,71.7,FALSE,TRUE,65.3,6.3,NA,20,"SC07","early"
"144",173,"A",258,NA,NA,TRUE,230,NA,NA,57.7,28.3,FALSE,TRUE,19,9.3,NA,20,"SC07","early"
"145",173,"A",422,NA,NA,TRUE,380,NA,NA,57.7,83,FALSE,TRUE,69,14,NA,20,"SC07","early"
"146",212,"A",407,NA,NA,TRUE,379,NA,NA,70.7,65,FALSE,TRUE,55.7,9.3,NA,20,"SC07","early"
"147",212,"A",408,NA,NA,TRUE,379,NA,NA,70.7,65.3,FALSE,TRUE,55.7,9.7,NA,20,"SC07","early"
"148",214,"A",413,NA,NA,TRUE,375,NA,NA,71.3,66.3,FALSE,TRUE,53.7,12.7,NA,20,"SC07","early"
"149",197,"A",236,NA,NA,TRUE,215,NA,NA,65.7,13,FALSE,TRUE,6,7,NA,20,"SC07","early"
"150",180,"A",452,NA,NA,TRUE,NA,NA,NA,60,90.7,FALSE,TRUE,90.7,0,NA,20,"SC07","early"
"151",241,"A",395,NA,NA,TRUE,NA,NA,NA,80.3,51.3,FALSE,TRUE,51.3,0,NA,20,"SC07","early"
"152",233,"C",274,NA,NA,TRUE,NA,NA,NA,77.7,13.7,FALSE,TRUE,13.7,0,NA,20,"SC07","early"
"153",54,"A",168,NA,NA,TRUE,NA,NA,NA,18,38,FALSE,TRUE,38,0,NA,20,"SC07","early"
"154",248,"A",376,NA,NA,TRUE,353,NA,NA,82.7,42.7,FALSE,TRUE,35,7.7,NA,20,"SC07","early"
"155",225,"E",376,NA,NA,TRUE,353,NA,NA,75,50.3,FALSE,TRUE,42.7,7.7,NA,20,"SC07","early"
"156",252,"A",367,NA,NA,TRUE,NA,NA,NA,84,38.3,FALSE,TRUE,38.3,0,NA,20,"SC07","early"
"157",252,"A",371,NA,NA,TRUE,NA,NA,NA,84,39.7,FALSE,TRUE,39.7,0,NA,20,"SC07","early"
"158",228,"A",375,NA,NA,TRUE,346,NA,NA,76,49,FALSE,TRUE,39.3,9.7,NA,20,"SC07","early"
"159",228,"A",375,NA,NA,TRUE,341,NA,NA,76,49,FALSE,TRUE,37.7,11.3,NA,20,"SC07","early"
"160",190,"B",453,NA,TRUE,NA,NA,NA,NA,63.3,87.7,TRUE,FALSE,87.7,0,NA,20,"SC07","early"
"161",398,"A",453,NA,TRUE,NA,NA,NA,NA,132.7,18.3,TRUE,FALSE,18.3,0,NA,20,"SC07","early"
"162",398,"A",453,NA,TRUE,NA,NA,NA,NA,132.7,18.3,TRUE,FALSE,18.3,0,NA,20,"SC07","early"
"163",242,"A",453,NA,TRUE,NA,372,NA,NA,80.7,70.3,TRUE,FALSE,43.3,27,NA,20,"SC07","early"
"164",367,"A",453,NA,TRUE,NA,382,NA,NA,122.3,28.7,TRUE,FALSE,5,23.7,NA,20,"SC07","early"
"165",367,"A",453,NA,TRUE,NA,378,NA,NA,122.3,28.7,TRUE,FALSE,3.7,25,NA,20,"SC07","early"
"166",228,"B",453,NA,TRUE,NA,315,NA,NA,76,75,TRUE,FALSE,29,46,NA,20,"SC07","early"
"167",301,"A",453,NA,TRUE,NA,NA,NA,NA,100.3,50.7,TRUE,FALSE,50.7,0,NA,20,"SC07","early"
"168",324,"A",453,NA,TRUE,NA,NA,NA,NA,108,43,TRUE,FALSE,43,0,NA,20,"SC07","early"
"169",446,"A",453,NA,TRUE,NA,NA,NA,NA,148.7,2.3,TRUE,FALSE,2.3,0,NA,20,"SC07","early"
"170",446,"A",453,NA,TRUE,NA,NA,NA,NA,148.7,2.3,TRUE,FALSE,2.3,0,NA,20,"SC07","early"
"171",372,"A",453,NA,TRUE,NA,431,NA,NA,124,27,TRUE,FALSE,19.7,7.3,NA,20,"SC07","early"
"172",59,"A",453,NA,TRUE,NA,254,NA,NA,19.7,131.3,TRUE,FALSE,65,66.3,NA,20,"SC07","early"
"173",225,"E",453,NA,TRUE,NA,335,NA,NA,75,76,TRUE,FALSE,36.7,39.3,NA,20,"SC07","early"
"174",227,"A",453,NA,TRUE,NA,424,NA,NA,75.7,75.3,TRUE,FALSE,65.7,9.7,NA,20,"SC07","early"
"175",247,"C",453,NA,TRUE,NA,353,NA,NA,82.3,68.7,TRUE,FALSE,35.3,33.3,NA,20,"SC07","early"
"176",3,"A",100,NA,NA,NA,68,NA,NA,1,32.3,FALSE,FALSE,21.7,10.7,NA,20,"SC07","early"
"177",3,"A",92,NA,NA,NA,62,NA,NA,1,29.7,FALSE,FALSE,19.7,10,NA,20,"SC07","early"
"178",44,"A",94,NA,NA,NA,75,NA,NA,14.7,16.7,FALSE,FALSE,10.3,6.3,NA,20,"SC07","early"
"179",44,"A",94,NA,NA,NA,71,NA,NA,14.7,16.7,FALSE,FALSE,9,7.7,NA,20,"SC07","early"
"180",78,"A",130,NA,NA,NA,109,NA,NA,26,17.3,FALSE,FALSE,10.3,7,NA,20,"SC07","early"
"181",78,"A",132,NA,NA,NA,111,NA,NA,26,18,FALSE,FALSE,11,7,NA,20,"SC07","early"
"182",93,"A",327,NA,NA,NA,246,NA,NA,31,78,FALSE,FALSE,51,27,NA,20,"SC07","early"
"183",93,"A",288,NA,NA,NA,238,NA,NA,31,65,FALSE,FALSE,48.3,16.7,NA,20,"SC07","early"
"184",95,"A",318,NA,NA,NA,277,NA,NA,31.7,74.3,FALSE,FALSE,60.7,13.7,NA,20,"SC07","early"
"185",95,"B",161,NA,NA,NA,130,NA,NA,31.7,22,FALSE,FALSE,11.7,10.3,NA,20,"SC07","early"
"186",101,"A",192,NA,NA,NA,159,NA,NA,33.7,30.3,FALSE,FALSE,19.3,11,NA,20,"SC07","early"
"187",101,"A",142,NA,NA,NA,124,NA,NA,33.7,13.7,FALSE,FALSE,7.7,6,NA,20,"SC07","early"
"188",117,"A",174,NA,NA,NA,151,NA,NA,39,19,FALSE,FALSE,11.3,7.7,NA,20,"SC07","early"
"189",117,"A",173,NA,NA,NA,152,NA,NA,39,18.7,FALSE,FALSE,11.7,7,NA,20,"SC07","early"
"190",131,"A",183,NA,NA,NA,163,NA,NA,43.7,17.3,FALSE,FALSE,10.7,6.7,NA,20,"SC07","early"
"191",131,"A",183,NA,NA,NA,163,NA,NA,43.7,17.3,FALSE,FALSE,10.7,6.7,NA,20,"SC07","early"
"192",143,"A",189,NA,NA,NA,169,NA,NA,47.7,15.3,FALSE,FALSE,8.7,6.7,NA,20,"SC07","early"
"193",143,"A",189,NA,NA,NA,167,NA,NA,47.7,15.3,FALSE,FALSE,8,7.3,NA,20,"SC07","early"
"194",89,"A",228,NA,NA,NA,191,NA,NA,29.7,46.3,FALSE,FALSE,34,12.3,NA,20,"SC07","early"
"195",190,"B",250,NA,NA,NA,222,NA,NA,63.3,20,FALSE,FALSE,10.7,9.3,NA,20,"SC07","early"
"196",193,"A",268,NA,NA,NA,241,NA,NA,64.3,25,FALSE,FALSE,16,9,NA,20,"SC07","early"
"197",193,"A",246,NA,NA,NA,221,NA,NA,64.3,17.7,FALSE,FALSE,9.3,8.3,NA,20,"SC07","early"
"198",162,"A",204,NA,NA,NA,183,NA,NA,54,14,FALSE,FALSE,7,7,NA,20,"SC07","early"
"199",162,"A",209,NA,NA,NA,189,NA,NA,54,15.7,FALSE,FALSE,9,6.7,NA,20,"SC07","early"
"200",174,"A",224,NA,NA,NA,201,NA,NA,58,16.7,FALSE,FALSE,9,7.7,NA,20,"SC07","early"
"201",174,"A",241,NA,NA,NA,210,NA,NA,58,22.3,FALSE,FALSE,12,10.3,NA,20,"SC07","early"
"202",175,"A",234,NA,NA,NA,224,NA,NA,58.3,19.7,FALSE,FALSE,16.3,3.3,NA,20,"SC07","early"
"203",184,"A",246,NA,NA,NA,218,NA,NA,61.3,20.7,FALSE,FALSE,11.3,9.3,NA,20,"SC07","early"
"204",184,"B",397,NA,NA,NA,337,NA,NA,61.3,71,FALSE,FALSE,51,20,NA,20,"SC07","early"
"205",3,"B",232,NA,NA,NA,192,NA,NA,1,76.3,FALSE,FALSE,63,13.3,NA,20,"SC07","early"
"206",3,"B",366,NA,NA,NA,289,NA,NA,1,121,FALSE,FALSE,95.3,25.7,NA,20,"SC07","early"
"207",4,"A",74,NA,NA,NA,50,NA,NA,1.3,23.3,FALSE,FALSE,15.3,8,NA,20,"SC07","early"
"208",4,"A",73,NA,NA,NA,45,NA,NA,1.3,23,FALSE,FALSE,13.7,9.3,NA,20,"SC07","early"
"209",74,"A",163,NA,NA,NA,131,NA,NA,24.7,29.7,FALSE,FALSE,19,10.7,NA,20,"SC07","early"
"210",74,"A",126,NA,NA,NA,102,NA,NA,24.7,17.3,FALSE,FALSE,9.3,8,NA,20,"SC07","early"
"211",75,"A",119,NA,NA,NA,98,NA,NA,25,14.7,FALSE,FALSE,7.7,7,NA,20,"SC07","early"
"212",120,"A",243,NA,NA,NA,205,NA,NA,40,41,FALSE,FALSE,28.3,12.7,NA,20,"SC07","early"
"213",120,"A",179,NA,NA,NA,150,NA,NA,40,19.7,FALSE,FALSE,10,9.7,NA,20,"SC07","early"
"214",205,"A",261,NA,NA,NA,239,NA,NA,68.3,18.7,FALSE,FALSE,11.3,7.3,NA,20,"SC07","early"
"215",205,"A",262,NA,NA,NA,241,NA,NA,68.3,19,FALSE,FALSE,12,7,NA,20,"SC07","early"
"216",129,"A",175,NA,NA,NA,151,NA,NA,43,15.3,FALSE,FALSE,7.3,8,NA,20,"SC07","early"
"217",129,"A",223,NA,NA,NA,185,NA,NA,43,31.3,FALSE,FALSE,18.7,12.7,NA,20,"SC07","early"
"218",176,"A",237,NA,NA,NA,201,NA,NA,58.7,20.3,FALSE,FALSE,8.3,12,NA,20,"SC07","early"
"219",224,"A",297,NA,NA,NA,261,NA,NA,74.7,24.3,FALSE,FALSE,12.3,12,NA,20,"SC07","early"
"220",164,"A",212,NA,NA,NA,186,NA,NA,54.7,16,FALSE,FALSE,7.3,8.7,NA,20,"SC07","early"
"221",244,"A",309,NA,NA,NA,275,NA,NA,81.3,21.7,FALSE,FALSE,10.3,11.3,NA,20,"SC07","early"
"222",19,"A",76,NA,NA,NA,54,NA,NA,6.3,19,FALSE,FALSE,11.7,7.3,NA,20,"SC07","early"
"223",21,"A",70,NA,NA,NA,47,NA,NA,7,16.3,FALSE,FALSE,8.7,7.7,NA,20,"SC07","early"
"224",21,"A",73,NA,NA,NA,50,NA,NA,7,17.3,FALSE,FALSE,9.7,7.7,NA,20,"SC07","early"
"225",26,"A",70,NA,NA,NA,48,NA,NA,8.7,14.7,FALSE,FALSE,7.3,7.3,NA,20,"SC07","early"
"226",26,"A",70,NA,NA,NA,49,NA,NA,8.7,14.7,FALSE,FALSE,7.7,7,NA,20,"SC07","early"
"227",31,"A",93,NA,NA,NA,62,NA,NA,10.3,20.7,FALSE,FALSE,10.3,10.3,NA,20,"SC07","early"
"228",31,"A",89,NA,NA,NA,60,NA,NA,10.3,19.3,FALSE,FALSE,9.7,9.7,NA,20,"SC07","early"
"229",71,"A",129,NA,NA,NA,103,NA,NA,23.7,19.3,FALSE,FALSE,10.7,8.7,NA,20,"SC07","early"
"230",71,"A",230,NA,NA,NA,189,NA,NA,23.7,53,FALSE,FALSE,39.3,13.7,NA,20,"SC07","early"
"231",71,"B",228,NA,NA,NA,186,NA,NA,23.7,52.3,FALSE,FALSE,38.3,14,NA,20,"SC07","early"
"232",69,"A",164,NA,NA,NA,127,NA,NA,23,31.7,FALSE,FALSE,19.3,12.3,NA,20,"SC07","early"
"233",69,"A",207,NA,NA,NA,173,NA,NA,23,46,FALSE,FALSE,34.7,11.3,NA,20,"SC07","early"
"234",94,"A",169,NA,NA,NA,137,NA,NA,31.3,25,FALSE,FALSE,14.3,10.7,NA,20,"SC07","early"
"235",90,"A",156,NA,NA,NA,125,NA,NA,30,22,FALSE,FALSE,11.7,10.3,NA,20,"SC07","early"
"236",90,"A",323,NA,NA,NA,257,NA,NA,30,77.7,FALSE,FALSE,55.7,22,NA,20,"SC07","early"
"237",157,"A",339,NA,NA,NA,315,NA,NA,52.3,60.7,FALSE,FALSE,52.7,8,NA,20,"SC07","early"
"238",170,"A",319,NA,NA,NA,317,NA,NA,56.7,49.7,FALSE,FALSE,49,0.7,NA,20,"SC07","early"
"239",166,"A",225,NA,NA,NA,197,NA,NA,55.3,19.7,FALSE,FALSE,10.3,9.3,NA,20,"SC07","early"
"240",84,"A",150,NA,NA,NA,119,NA,NA,28,22,FALSE,FALSE,11.7,10.3,NA,20,"SC07","early"
"241",130,"A",356,NA,NA,NA,298,NA,NA,43.3,75.3,FALSE,FALSE,56,19.3,NA,20,"SC07","early"
"242",226,"A",346,NA,NA,NA,316,NA,NA,75.3,40,FALSE,FALSE,30,10,NA,20,"SC07","early"
"243",4,"B",165,NA,NA,NA,128,NA,NA,1.3,53.7,FALSE,FALSE,41.3,12.3,NA,20,"SC07","early"
"244",4,"B",172,NA,NA,NA,127,NA,NA,1.3,56,FALSE,FALSE,41,15,NA,20,"SC07","early"
"245",4,"C",300,NA,NA,NA,259,NA,NA,1.3,98.7,FALSE,FALSE,85,13.7,NA,20,"SC07","early"
"246",4,"C",167,NA,NA,NA,126,NA,NA,1.3,54.3,FALSE,FALSE,40.7,13.7,NA,20,"SC07","early"
"247",34,"A",196,NA,NA,NA,155,NA,NA,11.3,54,FALSE,FALSE,40.3,13.7,NA,20,"SC07","early"
"248",166,"B",213,NA,NA,NA,187,NA,NA,55.3,15.7,FALSE,FALSE,7,8.7,NA,20,"SC07","early"
"249",166,"B",211,NA,NA,NA,186,NA,NA,55.3,15,FALSE,FALSE,6.7,8.3,NA,20,"SC07","early"
"250",225,"D",300,NA,NA,NA,255,NA,NA,75,25,FALSE,FALSE,10,15,NA,20,"SC07","early"
"251",225,"D",323,NA,NA,NA,281,NA,NA,75,32.7,FALSE,FALSE,18.7,14,NA,20,"SC07","early"
"252",168,"A",287,NA,NA,NA,259,NA,NA,56,39.7,FALSE,FALSE,30.3,9.3,NA,20,"SC07","early"
"253",168,"A",224,NA,NA,NA,198,NA,NA,56,18.7,FALSE,FALSE,10,8.7,NA,20,"SC07","early"
"254",134,"A",190,NA,NA,NA,173,NA,NA,44.7,18.7,FALSE,FALSE,13,5.7,NA,20,"SC07","early"
"255",134,"A",189,NA,NA,NA,176,NA,NA,44.7,18.3,FALSE,FALSE,14,4.3,NA,20,"SC07","early"
"256",180,"A",240,NA,NA,NA,233,NA,NA,60,20,FALSE,FALSE,17.7,2.3,NA,20,"SC07","early"
"257",190,"C",371,NA,NA,NA,305,NA,NA,63.3,60.3,FALSE,FALSE,38.3,22,NA,20,"SC07","early"
"258",178,"A",231,NA,NA,NA,209,NA,NA,59.3,17.7,FALSE,FALSE,10.3,7.3,NA,20,"SC07","early"
"259",178,"A",231,NA,NA,NA,209,NA,NA,59.3,17.7,FALSE,FALSE,10.3,7.3,NA,20,"SC07","early"
"260",233,"B",300,NA,NA,NA,267,NA,NA,77.7,22.3,FALSE,FALSE,11.3,11,NA,20,"SC07","early"
"261",4,"D",53,NA,NA,NA,31,NA,NA,1.3,16.3,FALSE,FALSE,9,7.3,NA,20,"SC07","early"
"262",54,"A",247,NA,NA,NA,202,NA,NA,18,64.3,FALSE,FALSE,49.3,15,NA,20,"SC07","early"
"263",248,"A",345,NA,NA,NA,299,NA,NA,82.7,32.3,FALSE,FALSE,17,15.3,NA,20,"SC07","early"
"264",59,"A",115,NA,NA,NA,96,NA,NA,19.7,18.7,FALSE,FALSE,12.3,6.3,NA,20,"SC07","early"
"265",57,"A",219,NA,NA,NA,184,NA,NA,19,54,FALSE,FALSE,42.3,11.7,NA,20,"SC07","early"
"266",57,"A",224,NA,NA,NA,180,NA,NA,19,55.7,FALSE,FALSE,41,14.7,NA,20,"SC07","early"
"267",220,"A",292,NA,NA,NA,265,NA,NA,73.3,24,FALSE,FALSE,15,9,NA,20,"SC07","early"
"268",116,"A",184,NA,NA,NA,159,NA,NA,38.7,22.7,FALSE,FALSE,14.3,8.3,NA,20,"SC07","early"
"269",116,"A",251,NA,NA,NA,209,NA,NA,38.7,45,FALSE,FALSE,31,14,NA,20,"SC07","early"
"270",186,"A",261,NA,NA,NA,235,NA,NA,62,25,FALSE,FALSE,16.3,8.7,NA,20,"SC07","early"
"271",186,"A",342,NA,NA,NA,287,NA,NA,62,52,FALSE,FALSE,33.7,18.3,NA,20,"SC07","early"
"272",116,"B",170,NA,NA,NA,141,NA,NA,38.7,18,FALSE,FALSE,8.3,9.7,NA,20,"SC07","early"
"273",116,"B",166,NA,NA,NA,140,NA,NA,38.7,16.7,FALSE,FALSE,8,8.7,NA,20,"SC07","early"
"274",167,"A",226,NA,NA,NA,201,NA,NA,55.7,19.7,FALSE,FALSE,11.3,8.3,NA,20,"SC07","early"
"275",167,"A",235,NA,NA,NA,206,NA,NA,55.7,22.7,FALSE,FALSE,13,9.7,NA,20,"SC07","early"
"276",171,"A",228,NA,NA,NA,200,NA,NA,57,19,FALSE,FALSE,9.7,9.3,NA,20,"SC07","early"
"277",171,"A",227,NA,NA,NA,199,NA,NA,57,18.7,FALSE,FALSE,9.3,9.3,NA,20,"SC07","early"
"278",10,"A",58,NA,NA,NA,40,NA,NA,3.3,16,FALSE,FALSE,10,6,NA,20,"SC10","early"
"279",19,"A",63,NA,NA,NA,43,NA,NA,6.3,14.7,FALSE,FALSE,8,6.7,NA,20,"SC10","early"
"280",19,"A",66,NA,NA,NA,49,NA,NA,6.3,15.7,FALSE,FALSE,10,5.7,NA,20,"SC10","early"
"281",57,"A",139,NA,NA,NA,111,NA,NA,19,27.3,FALSE,FALSE,18,9.3,NA,20,"SC10","early"
"282",57,"A",122,NA,NA,NA,99,NA,NA,19,21.7,FALSE,FALSE,14,7.7,NA,20,"SC10","early"
"283",59,"A",121,NA,NA,NA,94,NA,NA,19.7,20.7,FALSE,FALSE,11.7,9,NA,20,"SC10","early"
"284",59,"A",117,NA,NA,NA,93,NA,NA,19.7,19.3,FALSE,FALSE,11.3,8,NA,20,"SC10","early"
"285",123,"A",350,NA,NA,TRUE,324,NA,NA,41,75.7,FALSE,TRUE,67,8.7,NA,20,"SC10","early"
"286",123,"A",186,NA,NA,NA,162,NA,NA,41,21,FALSE,FALSE,13,8,NA,20,"SC10","early"
"287",140,"A",350,NA,NA,TRUE,324,NA,NA,46.7,70,FALSE,TRUE,61.3,8.7,NA,20,"SC10","early"
"288",140,"A",174,NA,NA,TRUE,NA,NA,NA,46.7,11.3,FALSE,TRUE,11.3,0,NA,20,"SC10","early"
"289",67,"A",124,NA,NA,NA,104,NA,NA,22.3,19,FALSE,FALSE,12.3,6.7,NA,20,"SC10","early"
"290",44,"A",103,NA,NA,NA,80,NA,NA,14.7,19.7,FALSE,FALSE,12,7.7,NA,20,"SC10","early"
"291",44,"A",103,NA,NA,NA,80,NA,NA,14.7,19.7,FALSE,FALSE,12,7.7,NA,20,"SC10","early"
"292",110,"A",194,NA,NA,TRUE,156,NA,NA,36.7,28,FALSE,TRUE,15.3,12.7,NA,20,"SC10","early"
"293",110,"B",183,NA,NA,TRUE,NA,NA,NA,36.7,24.3,FALSE,TRUE,24.3,0,NA,20,"SC10","early"
"294",118,"A",184,NA,NA,NA,159,NA,NA,39.3,22,FALSE,FALSE,13.7,8.3,NA,20,"SC10","early"
"295",122,"A",197,NA,NA,NA,172,NA,NA,40.7,25,FALSE,FALSE,16.7,8.3,NA,20,"SC10","early"
"296",198,"A",295,NA,NA,NA,236,NA,NA,66,32.3,FALSE,FALSE,12.7,19.7,NA,20,"SC10","early"
"297",185,"A",259,NA,NA,NA,228,NA,NA,61.7,24.7,FALSE,FALSE,14.3,10.3,NA,20,"SC10","early"
"298",185,"A",269,NA,NA,NA,242,NA,NA,61.7,28,FALSE,FALSE,19,9,NA,20,"SC10","early"
"299",127,"A",194,NA,NA,NA,172,NA,NA,42.3,22.3,FALSE,FALSE,15,7.3,NA,20,"SC10","early"
"300",127,"A",192,NA,NA,NA,167,NA,NA,42.3,21.7,FALSE,FALSE,13.3,8.3,NA,20,"SC10","early"
"301",130,"A",191,NA,NA,NA,167,NA,NA,43.3,20.3,FALSE,FALSE,12.3,8,NA,20,"SC10","early"
"302",130,"A",191,NA,NA,NA,169,NA,NA,43.3,20.3,FALSE,FALSE,13,7.3,NA,20,"SC10","early"
"303",134,"A",202,NA,NA,NA,178,NA,NA,44.7,22.7,FALSE,FALSE,14.7,8,NA,20,"SC10","early"
"304",195,"A",269,NA,NA,NA,242,NA,NA,65,24.7,FALSE,FALSE,15.7,9,NA,20,"SC10","early"
"305",192,"A",251,NA,NA,NA,231,NA,NA,64,19.7,FALSE,FALSE,13,6.7,NA,20,"SC10","early"
"306",192,"A",282,NA,NA,NA,257,NA,NA,64,30,FALSE,FALSE,21.7,8.3,NA,20,"SC10","early"
"307",192,"B",266,NA,NA,NA,239,NA,NA,64,24.7,FALSE,FALSE,15.7,9,NA,20,"SC10","early"
"308",192,"B",255,NA,NA,NA,231,NA,NA,64,21,FALSE,FALSE,13,8,NA,20,"SC10","early"
"309",192,"C",314,NA,NA,NA,262,NA,NA,64,40.7,FALSE,FALSE,23.3,17.3,NA,20,"SC10","early"
"310",194,"A",264,NA,NA,NA,235,NA,NA,64.7,23.3,FALSE,FALSE,13.7,9.7,NA,20,"SC10","early"
"311",194,"A",273,NA,NA,NA,238,NA,NA,64.7,26.3,FALSE,FALSE,14.7,11.7,NA,20,"SC10","early"
"312",265,"A",262,NA,NA,TRUE,NA,NA,NA,88.3,-1,FALSE,TRUE,-1,0,NA,20,"SC10","early"
"313",265,"A",311,NA,NA,NA,305,NA,NA,88.3,15.3,FALSE,FALSE,13.3,2,NA,20,"SC10","early"
"314",274,"A",287,NA,NA,TRUE,NA,NA,NA,91.3,4.3,FALSE,TRUE,4.3,0,NA,20,"SC10","early"
"315",203,"A",341,NA,NA,NA,307,NA,NA,67.7,46,FALSE,FALSE,34.7,11.3,NA,20,"SC10","early"
"316",260,"A",299,NA,NA,TRUE,NA,NA,NA,86.7,13,FALSE,TRUE,13,0,NA,20,"SC10","early"
"317",195,"B",258,NA,NA,NA,234,NA,NA,65,21,FALSE,FALSE,13,8,NA,20,"SC10","early"
"318",252,"A",377,NA,NA,NA,339,NA,NA,84,41.7,FALSE,FALSE,29,12.7,NA,20,"SC10","early"
"319",267,"A",342,NA,NA,NA,321,NA,NA,89,25,FALSE,FALSE,18,7,NA,20,"SC10","early"
"320",259,"A",320,NA,NA,NA,295,NA,NA,86.3,20.3,FALSE,FALSE,12,8.3,NA,20,"SC10","early"
"321",259,"A",342,NA,NA,NA,303,NA,NA,86.3,27.7,FALSE,FALSE,14.7,13,NA,20,"SC10","early"
"322",390,"A",453,NA,TRUE,NA,446,NA,NA,130,21,TRUE,FALSE,18.7,2.3,NA,20,"SC10","early"
"323",440,"A",453,NA,TRUE,NA,NA,NA,NA,146.7,4.3,TRUE,FALSE,4.3,0,NA,20,"SC10","early"
"324",440,"A",453,NA,TRUE,NA,NA,NA,NA,146.7,4.3,TRUE,FALSE,4.3,0,NA,20,"SC10","early"
"325",54,"A",119,NA,NA,NA,95,NA,NA,18,21.7,FALSE,FALSE,13.7,8,NA,20,"SC10","early"
"326",54,"A",121,NA,NA,NA,93,NA,NA,18,22.3,FALSE,FALSE,13,9.3,NA,20,"SC10","early"
"327",120,"A",250,NA,NA,NA,223,NA,NA,40,43.3,FALSE,FALSE,34.3,9,NA,20,"SC10","early"
"328",120,"A",212,NA,NA,NA,178,NA,NA,40,30.7,FALSE,FALSE,19.3,11.3,NA,20,"SC10","early"
"329",122,"B",187,NA,NA,NA,161,NA,NA,40.7,21.7,FALSE,FALSE,13,8.7,NA,20,"SC10","early"
"330",122,"B",266,NA,NA,NA,237,NA,NA,40.7,48,FALSE,FALSE,38.3,9.7,NA,20,"SC10","early"
"331",188,"A",257,NA,NA,NA,230,NA,NA,62.7,23,FALSE,FALSE,14,9,NA,20,"SC10","early"
"332",188,"A",249,NA,NA,NA,227,NA,NA,62.7,20.3,FALSE,FALSE,13,7.3,NA,20,"SC10","early"
"333",213,"A",267,NA,NA,NA,246,NA,NA,71,18,FALSE,FALSE,11,7,NA,20,"SC10","early"
"334",213,"A",268,NA,NA,NA,243,NA,NA,71,18.3,FALSE,FALSE,10,8.3,NA,20,"SC10","early"
"335",251,"A",306,NA,NA,NA,282,NA,NA,83.7,18.3,FALSE,FALSE,10.3,8,NA,20,"SC10","early"
"336",272,"A",332,NA,NA,NA,317,NA,NA,90.7,20,FALSE,FALSE,15,5,NA,20,"SC10","early"
"337",272,"A",310,NA,NA,NA,290,NA,NA,90.7,12.7,FALSE,FALSE,6,6.7,NA,20,"SC10","early"
"338",307,"A",408,NA,NA,NA,372,NA,NA,102.3,33.7,FALSE,FALSE,21.7,12,NA,20,"SC10","early"
"339",307,"A",394,NA,NA,NA,369,NA,NA,102.3,29,FALSE,FALSE,20.7,8.3,NA,20,"SC10","early"
"340",250,"A",453,NA,TRUE,NA,NA,NA,NA,83.3,67.7,TRUE,FALSE,67.7,0,NA,20,"SC10","early"
"341",250,"A",396,NA,NA,NA,359,NA,NA,83.3,48.7,FALSE,FALSE,36.3,12.3,NA,20,"SC10","early"
"342",127,"B",189,NA,NA,NA,165,NA,NA,42.3,20.7,FALSE,FALSE,12.7,8,NA,20,"SC10","early"
"343",127,"B",174,NA,NA,NA,152,NA,NA,42.3,15.7,FALSE,FALSE,8.3,7.3,NA,20,"SC10","early"
"344",175,"A",298,NA,NA,NA,266,NA,NA,58.3,41,FALSE,FALSE,30.3,10.7,NA,20,"SC10","early"
"345",175,"A",240,NA,NA,NA,213,NA,NA,58.3,21.7,FALSE,FALSE,12.7,9,NA,20,"SC10","early"
"346",190,"A",260,NA,NA,NA,240,NA,NA,63.3,23.3,FALSE,FALSE,16.7,6.7,NA,20,"SC10","early"
"347",190,"A",324,NA,NA,NA,296,NA,NA,63.3,44.7,FALSE,FALSE,35.3,9.3,NA,20,"SC10","early"
"348",203,"B",298,NA,NA,NA,266,NA,NA,67.7,31.7,FALSE,FALSE,21,10.7,NA,20,"SC10","early"
"349",203,"B",271,NA,NA,NA,250,NA,NA,67.7,22.7,FALSE,FALSE,15.7,7,NA,20,"SC10","early"
"350",145,"A",202,NA,NA,NA,178,NA,NA,48.3,19,FALSE,FALSE,11,8,NA,20,"SC10","early"
"351",241,"A",311,NA,NA,NA,295,NA,NA,80.3,23.3,FALSE,FALSE,18,5.3,NA,20,"SC10","early"
"352",241,"A",360,NA,NA,NA,326,NA,NA,80.3,39.7,FALSE,FALSE,28.3,11.3,NA,20,"SC10","early"
"353",299,"A",424,NA,NA,NA,393,NA,NA,99.7,41.7,FALSE,FALSE,31.3,10.3,NA,20,"SC10","early"
"354",261,"A",453,NA,TRUE,NA,NA,NA,NA,87,64,TRUE,FALSE,64,0,NA,20,"SC10","early"
"355",261,"A",324,NA,NA,NA,302,NA,NA,87,21,FALSE,FALSE,13.7,7.3,NA,20,"SC10","early"
"356",325,"A",401,NA,NA,NA,366,NA,NA,108.3,25.3,FALSE,FALSE,13.7,11.7,NA,20,"SC10","early"
"357",325,"A",397,NA,NA,NA,356,NA,NA,108.3,24,FALSE,FALSE,10.3,13.7,NA,20,"SC10","early"
"358",267,"B",323,NA,NA,NA,296,NA,NA,89,18.7,FALSE,FALSE,9.7,9,NA,20,"SC10","early"
"359",267,"B",324,NA,NA,NA,299,NA,NA,89,19,FALSE,FALSE,10.7,8.3,NA,20,"SC10","early"
"360",325,"B",410,NA,NA,NA,384,NA,NA,108.3,28.3,FALSE,FALSE,19.7,8.7,NA,20,"SC10","early"
"361",268,"A",453,NA,TRUE,NA,NA,NA,NA,89.3,61.7,TRUE,FALSE,61.7,0,NA,20,"SC10","early"
"362",268,"A",453,NA,TRUE,NA,NA,NA,NA,89.3,61.7,TRUE,FALSE,61.7,0,NA,20,"SC10","early"
"363",397,"A",453,NA,TRUE,NA,NA,NA,NA,132.3,18.7,TRUE,FALSE,18.7,0,NA,20,"SC10","early"
"364",397,"A",453,NA,TRUE,NA,NA,NA,NA,132.3,18.7,TRUE,FALSE,18.7,0,NA,20,"SC10","early"
"365",333,"A",412,NA,NA,NA,384,NA,NA,111,26.3,FALSE,FALSE,17,9.3,NA,20,"SC10","early"
"366",395,"A",453,NA,TRUE,NA,NA,NA,NA,131.7,19.3,TRUE,FALSE,19.3,0,NA,20,"SC10","early"
"367",409,"A",453,NA,TRUE,NA,NA,NA,NA,136.3,14.7,TRUE,FALSE,14.7,0,NA,20,"SC10","early"
"368",397,"B",453,NA,TRUE,NA,NA,NA,NA,132.3,18.7,TRUE,FALSE,18.7,0,NA,20,"SC10","early"
"369",397,"B",453,NA,TRUE,NA,NA,NA,NA,132.3,18.7,TRUE,FALSE,18.7,0,NA,20,"SC10","early"
"370",194,"B",276,NA,NA,NA,250,NA,NA,64.7,27.3,FALSE,FALSE,18.7,8.7,NA,20,"SC10","early"
"371",194,"B",272,NA,NA,NA,249,NA,NA,64.7,26,FALSE,FALSE,18.3,7.7,NA,20,"SC10","early"
"372",277,"A",335,NA,NA,NA,317,NA,NA,92.3,19.3,FALSE,FALSE,13.3,6,NA,20,"SC10","early"
"373",270,"C",453,NA,TRUE,NA,NA,NA,NA,90,61,TRUE,FALSE,61,0,NA,20,"SC10","early"
"374",396,"A",453,NA,TRUE,NA,NA,NA,NA,132,19,TRUE,FALSE,19,0,NA,20,"SC10","early"
"375",396,"A",453,NA,TRUE,NA,NA,NA,NA,132,19,TRUE,FALSE,19,0,NA,20,"SC10","early"
"376",29,"A",118,NA,NA,NA,91,NA,NA,9.7,29.7,FALSE,FALSE,20.7,9,NA,20,"SC10","early"
"377",29,"A",110,NA,NA,NA,85,NA,NA,9.7,27,FALSE,FALSE,18.7,8.3,NA,20,"SC10","early"
"378",111,"A",170,NA,NA,NA,148,NA,NA,37,19.7,FALSE,FALSE,12.3,7.3,NA,20,"SC10","early"
"379",111,"A",174,NA,NA,NA,148,NA,NA,37,21,FALSE,FALSE,12.3,8.7,NA,20,"SC10","early"
"380",119,"A",178,NA,NA,NA,156,NA,NA,39.7,19.7,FALSE,FALSE,12.3,7.3,NA,20,"SC10","early"
"381",119,"A",186,NA,NA,NA,162,NA,NA,39.7,22.3,FALSE,FALSE,14.3,8,NA,20,"SC10","early"
"382",171,"A",231,NA,NA,NA,207,NA,NA,57,20,FALSE,FALSE,12,8,NA,20,"SC10","early"
"383",171,"A",240,NA,NA,NA,219,NA,NA,57,23,FALSE,FALSE,16,7,NA,20,"SC10","early"
"384",179,"A",238,NA,NA,NA,214,NA,NA,59.7,19.7,FALSE,FALSE,11.7,8,NA,20,"SC10","early"
"385",179,"A",242,NA,NA,NA,217,NA,NA,59.7,21,FALSE,FALSE,12.7,8.3,NA,20,"SC10","early"
"386",187,"B",251,NA,NA,NA,225,NA,NA,62.3,21.3,FALSE,FALSE,12.7,8.7,NA,20,"SC10","early"
"387",232,"A",342,NA,NA,NA,320,NA,NA,77.3,36.7,FALSE,FALSE,29.3,7.3,NA,20,"SC10","early"
"388",241,"B",344,NA,NA,NA,315,NA,NA,80.3,34.3,FALSE,FALSE,24.7,9.7,NA,20,"SC10","early"
"389",239,"A",333,NA,NA,NA,301,NA,NA,79.7,31.3,FALSE,FALSE,20.7,10.7,NA,20,"SC10","early"
"390",243,"A",322,NA,NA,TRUE,NA,NA,NA,81,26.3,FALSE,TRUE,26.3,0,NA,20,"SC10","early"
"391",260,"B",313,NA,NA,NA,286,NA,NA,86.7,17.7,FALSE,FALSE,8.7,9,NA,20,"SC10","early"
"392",252,"C",453,NA,TRUE,NA,NA,NA,NA,84,67,TRUE,FALSE,67,0,NA,20,"SC10","early"
"393",252,"C",343,NA,NA,NA,317,NA,NA,84,30.3,FALSE,FALSE,21.7,8.7,NA,20,"SC10","early"
"394",325,"C",453,NA,TRUE,NA,NA,NA,NA,108.3,42.7,TRUE,FALSE,42.7,0,NA,20,"SC10","early"
"395",360,"A",426,NA,NA,TRUE,394,NA,NA,120,22,FALSE,TRUE,11.3,10.7,NA,20,"SC10","early"
"396",339,"A",453,NA,TRUE,NA,430,NA,NA,113,38,TRUE,FALSE,30.3,7.7,NA,20,"SC10","early"
"397",398,"B",453,NA,TRUE,NA,NA,NA,NA,132.7,18.3,TRUE,FALSE,18.3,0,NA,20,"SC10","early"
"398",398,"B",453,NA,TRUE,NA,NA,NA,NA,132.7,18.3,TRUE,FALSE,18.3,0,NA,20,"SC10","early"
"399",442,"A",453,NA,TRUE,NA,NA,NA,NA,147.3,3.7,TRUE,FALSE,3.7,0,NA,20,"SC10","early"
"400",442,"A",453,NA,TRUE,NA,NA,NA,NA,147.3,3.7,TRUE,FALSE,3.7,0,NA,20,"SC10","early"
"401",4,"A",151,NA,NA,NA,125,NA,NA,1.3,49,FALSE,FALSE,40.3,8.7,NA,20,"SC10","early"
"402",4,"A",139,NA,NA,NA,115,NA,NA,1.3,45,FALSE,FALSE,37,8,NA,20,"SC10","early"
"403",140,"C",227,NA,NA,NA,202,NA,NA,46.7,29,FALSE,FALSE,20.7,8.3,NA,20,"SC10","early"
"404",140,"C",229,NA,NA,NA,181,NA,NA,46.7,29.7,FALSE,FALSE,13.7,16,NA,20,"SC10","early"
"405",152,"A",311,NA,NA,NA,290,NA,NA,50.7,53,FALSE,FALSE,46,7,NA,20,"SC10","early"
"406",152,"A",200,NA,NA,NA,179,NA,NA,50.7,16,FALSE,FALSE,9,7,NA,20,"SC10","early"
"407",201,"A",259,NA,NA,NA,234,NA,NA,67,19.3,FALSE,FALSE,11,8.3,NA,20,"SC10","early"
"408",228,"A",453,NA,TRUE,NA,432,NA,NA,76,75,TRUE,FALSE,68,7,NA,20,"SC10","early"
"409",228,"A",296,NA,NA,NA,285,NA,NA,76,22.7,FALSE,FALSE,19,3.7,NA,20,"SC10","early"
"410",260,"C",453,NA,TRUE,NA,NA,NA,NA,86.7,64.3,TRUE,FALSE,64.3,0,NA,20,"SC10","early"
"411",297,"A",453,NA,TRUE,NA,NA,NA,NA,99,52,TRUE,FALSE,52,0,NA,20,"SC10","early"
"412",132,"A",229,NA,NA,NA,194,NA,NA,44,32.3,FALSE,FALSE,20.7,11.7,NA,20,"SC10","early"
"413",132,"A",213,NA,NA,NA,192,NA,NA,44,27,FALSE,FALSE,20,7,NA,20,"SC10","early"
"414",164,"A",219,NA,NA,NA,197,NA,NA,54.7,18.3,FALSE,FALSE,11,7.3,NA,20,"SC10","early"
"415",164,"A",226,NA,NA,NA,202,NA,NA,54.7,20.7,FALSE,FALSE,12.7,8,NA,20,"SC10","early"
"416",214,"A",277,NA,NA,NA,260,NA,NA,71.3,21,FALSE,FALSE,15.3,5.7,NA,20,"SC10","early"
"417",220,"A",277,NA,NA,NA,256,NA,NA,73.3,19,FALSE,FALSE,12,7,NA,20,"SC10","early"
"418",220,"A",283,NA,NA,NA,260,NA,NA,73.3,21,FALSE,FALSE,13.3,7.7,NA,20,"SC10","early"
"419",231,"A",367,NA,NA,NA,336,NA,NA,77,45.3,FALSE,FALSE,35,10.3,NA,20,"SC10","early"
"420",279,"A",386,NA,NA,TRUE,NA,NA,NA,93,35.7,FALSE,TRUE,35.7,0,NA,20,"SC10","early"
"421",278,"A",343,NA,NA,NA,319,NA,NA,92.7,21.7,FALSE,FALSE,13.7,8,NA,20,"SC10","early"
"422",278,"A",409,NA,NA,TRUE,350,NA,NA,92.7,43.7,FALSE,TRUE,24,19.7,NA,20,"SC10","early"
"423",284,"A",378,NA,NA,NA,346,NA,NA,94.7,31.3,FALSE,FALSE,20.7,10.7,NA,20,"SC10","early"
"424",344,"B",392,NA,NA,TRUE,NA,NA,NA,114.7,16,FALSE,TRUE,16,0,NA,20,"SC10","early"
"425",344,"B",419,NA,NA,TRUE,NA,NA,NA,114.7,25,FALSE,TRUE,25,0,NA,20,"SC10","early"
"426",189,"A",405,NA,NA,NA,364,NA,NA,63,72,FALSE,FALSE,58.3,13.7,NA,20,"SC10","early"
"427",244,"A",391,NA,NA,NA,359,NA,NA,81.3,49,FALSE,FALSE,38.3,10.7,NA,20,"SC10","early"
"428",244,"A",310,NA,NA,NA,286,NA,NA,81.3,22,FALSE,FALSE,14,8,NA,20,"SC10","early"
"429",311,"B",387,NA,NA,NA,351,NA,NA,103.7,25.3,FALSE,FALSE,13.3,12,NA,20,"SC10","early"
"430",311,"B",453,NA,TRUE,NA,NA,NA,NA,103.7,47.3,TRUE,FALSE,47.3,0,NA,20,"SC10","early"
"431",388,"A",453,NA,TRUE,NA,NA,NA,NA,129.3,21.7,TRUE,FALSE,21.7,0,NA,20,"SC10","early"
"432",392,"A",453,NA,TRUE,NA,NA,NA,NA,130.7,20.3,TRUE,FALSE,20.3,0,NA,20,"SC10","early"
"433",392,"A",453,NA,TRUE,NA,NA,NA,NA,130.7,20.3,TRUE,FALSE,20.3,0,NA,20,"SC10","early"
"434",368,"A",453,NA,TRUE,NA,NA,NA,NA,122.7,28.3,TRUE,FALSE,28.3,0,NA,20,"SC10","early"
"435",384,"A",453,NA,TRUE,NA,NA,NA,NA,128,23,TRUE,FALSE,23,0,NA,20,"SC10","early"
"436",443,"A",453,NA,TRUE,NA,NA,NA,NA,147.7,3.3,TRUE,FALSE,3.3,0,NA,20,"SC10","early"
"437",443,"A",453,NA,TRUE,NA,NA,NA,NA,147.7,3.3,TRUE,FALSE,3.3,0,NA,20,"SC10","early"
"438",25,"A",152,NA,NA,NA,128,NA,NA,8.3,42.3,FALSE,FALSE,34.3,8,NA,20,"SC10","early"
"439",25,"A",171,NA,NA,NA,144,NA,NA,8.3,48.7,FALSE,FALSE,39.7,9,NA,20,"SC10","early"
"440",53,"A",102,NA,NA,NA,83,NA,NA,17.7,16.3,FALSE,FALSE,10,6.3,NA,20,"SC10","early"
"441",53,"A",120,NA,NA,NA,88,NA,NA,17.7,22.3,FALSE,FALSE,11.7,10.7,NA,20,"SC10","early"
"442",69,"A",126,NA,NA,NA,104,NA,NA,23,19,FALSE,FALSE,11.7,7.3,NA,20,"SC10","early"
"443",69,"A",130,NA,NA,NA,105,NA,NA,23,20.3,FALSE,FALSE,12,8.3,NA,20,"SC10","early"
"444",153,"A",221,NA,NA,NA,203,NA,NA,51,22.7,FALSE,FALSE,16.7,6,NA,20,"SC10","early"
"445",153,"A",215,NA,NA,NA,193,NA,NA,51,20.7,FALSE,FALSE,13.3,7.3,NA,20,"SC10","early"
"446",173,"A",229,NA,NA,NA,207,NA,NA,57.7,18.7,FALSE,FALSE,11.3,7.3,NA,20,"SC10","early"
"447",173,"A",235,NA,NA,NA,220,NA,NA,57.7,20.7,FALSE,FALSE,15.7,5,NA,20,"SC10","early"
"448",216,"A",290,NA,NA,NA,267,NA,NA,72,24.7,FALSE,FALSE,17,7.7,NA,20,"SC10","early"
"449",216,"A",285,NA,NA,NA,272,NA,NA,72,23,FALSE,FALSE,18.7,4.3,NA,20,"SC10","early"
"450",230,"B",281,NA,NA,NA,264,NA,NA,76.7,17,FALSE,FALSE,11.3,5.7,NA,20,"SC10","early"
"451",230,"B",285,NA,NA,NA,266,NA,NA,76.7,18.3,FALSE,FALSE,12,6.3,NA,20,"SC10","early"
"452",236,"A",291,NA,NA,NA,264,NA,NA,78.7,18.3,FALSE,FALSE,9.3,9,NA,20,"SC10","early"
"453",236,"A",292,NA,NA,NA,272,NA,NA,78.7,18.7,FALSE,FALSE,12,6.7,NA,20,"SC10","early"
"454",286,"A",342,NA,NA,NA,324,NA,NA,95.3,18.7,FALSE,FALSE,12.7,6,NA,20,"SC10","early"
"455",286,"B",334,NA,NA,NA,314,NA,NA,95.3,16,FALSE,FALSE,9.3,6.7,NA,20,"SC10","early"
"456",335,"A",389,NA,NA,NA,362,NA,NA,111.7,18,FALSE,FALSE,9,9,NA,20,"SC10","early"
"457",335,"A",420,NA,NA,TRUE,NA,NA,NA,111.7,28.3,FALSE,TRUE,28.3,0,NA,20,"SC10","early"
"458",291,"A",363,NA,NA,NA,335,NA,NA,97,24,FALSE,FALSE,14.7,9.3,NA,20,"SC10","early"
"459",364,"B",393,NA,NA,TRUE,NA,NA,NA,121.3,9.7,FALSE,TRUE,9.7,0,NA,20,"SC10","early"
"460",364,"B",409,NA,NA,TRUE,NA,NA,NA,121.3,15,FALSE,TRUE,15,0,NA,20,"SC10","early"
"461",103,"A",164,NA,NA,NA,135,NA,NA,34.3,20.3,FALSE,FALSE,10.7,9.7,NA,20,"SC10","early"
"462",103,"A",174,NA,NA,NA,149,NA,NA,34.3,23.7,FALSE,FALSE,15.3,8.3,NA,20,"SC10","early"
"463",121,"A",171,NA,NA,NA,150,NA,NA,40.3,16.7,FALSE,FALSE,9.7,7,NA,20,"SC10","early"
"464",175,"B",241,NA,NA,NA,217,NA,NA,58.3,22,FALSE,FALSE,14,8,NA,20,"SC10","early"
"465",175,"B",241,NA,NA,NA,216,NA,NA,58.3,22,FALSE,FALSE,13.7,8.3,NA,20,"SC10","early"
"466",242,"A",273,NA,NA,TRUE,NA,NA,NA,80.7,10.3,FALSE,TRUE,10.3,0,NA,20,"SC10","early"
"467",242,"A",325,NA,NA,NA,307,NA,NA,80.7,27.7,FALSE,FALSE,21.7,6,NA,20,"SC10","early"
"468",242,"B",310,NA,NA,NA,286,NA,NA,80.7,22.7,FALSE,FALSE,14.7,8,NA,20,"SC10","early"
"469",131,"A",191,NA,NA,NA,167,NA,NA,43.7,20,FALSE,FALSE,12,8,NA,20,"SC10","early"
"470",131,"A",196,NA,NA,NA,169,NA,NA,43.7,21.7,FALSE,FALSE,12.7,9,NA,20,"SC10","early"
"471",127,"C",197,NA,NA,NA,172,NA,NA,42.3,23.3,FALSE,FALSE,15,8.3,NA,20,"SC10","early"
"472",127,"C",192,NA,NA,NA,172,NA,NA,42.3,21.7,FALSE,FALSE,15,6.7,NA,20,"SC10","early"
"473",193,"A",269,NA,NA,NA,239,NA,NA,64.3,25.3,FALSE,FALSE,15.3,10,NA,20,"SC10","early"
"474",193,"A",257,NA,NA,NA,231,NA,NA,64.3,21.3,FALSE,FALSE,12.7,8.7,NA,20,"SC10","early"
"475",198,"B",269,NA,NA,NA,239,NA,NA,66,23.7,FALSE,FALSE,13.7,10,NA,20,"SC10","early"
"476",198,"B",260,NA,NA,NA,235,NA,NA,66,20.7,FALSE,FALSE,12.3,8.3,NA,20,"SC10","early"
"477",282,"A",338,NA,NA,NA,316,NA,NA,94,18.7,FALSE,FALSE,11.3,7.3,NA,20,"SC10","early"
"478",292,"A",349,NA,NA,NA,318,NA,NA,97.3,19,FALSE,FALSE,8.7,10.3,NA,20,"SC10","early"
"479",192,"D",247,NA,NA,NA,228,NA,NA,64,18.3,FALSE,FALSE,12,6.3,NA,20,"SC10","early"
"480",192,"D",248,NA,NA,NA,224,NA,NA,64,18.7,FALSE,FALSE,10.7,8,NA,20,"SC10","early"
"481",197,"A",264,NA,NA,NA,239,NA,NA,65.7,22.3,FALSE,FALSE,14,8.3,NA,20,"SC10","early"
"482",197,"A",265,NA,NA,NA,239,NA,NA,65.7,22.7,FALSE,FALSE,14,8.7,NA,20,"SC10","early"
"483",265,"B",342,NA,NA,NA,321,NA,NA,88.3,25.7,FALSE,FALSE,18.7,7,NA,20,"SC10","early"
"484",266,"A",314,NA,NA,TRUE,NA,NA,NA,88.7,16,FALSE,TRUE,16,0,NA,20,"SC10","early"
"485",249,"A",307,NA,NA,NA,288,NA,NA,83,19.3,FALSE,FALSE,13,6.3,NA,20,"SC10","early"
"486",249,"A",310,NA,NA,NA,296,NA,NA,83,20.3,FALSE,FALSE,15.7,4.7,NA,20,"SC10","early"
"487",261,"B",309,NA,NA,NA,291,NA,NA,87,16,FALSE,FALSE,10,6,NA,20,"SC10","early"
"488",350,"B",453,NA,TRUE,NA,419,NA,NA,116.7,34.3,TRUE,FALSE,23,11.3,NA,20,"SC10","early"
"489",350,"B",420,NA,NA,TRUE,NA,NA,NA,116.7,23.3,FALSE,TRUE,23.3,0,NA,20,"SC10","early"
"490",381,"A",453,NA,TRUE,NA,399,NA,NA,127,24,TRUE,FALSE,6,18,NA,20,"SC10","early"
"491",381,"A",421,NA,NA,TRUE,NA,NA,NA,127,13.3,FALSE,TRUE,13.3,0,NA,20,"SC10","early"
"492",390,"C",453,NA,TRUE,NA,446,NA,NA,130,21,TRUE,FALSE,18.7,2.3,NA,20,"SC10","early"
"493",390,"C",439,NA,NA,NA,429,NA,NA,130,16.3,FALSE,FALSE,13,3.3,NA,20,"SC10","early"
"494",440,"B",453,NA,TRUE,NA,NA,NA,NA,146.7,4.3,TRUE,FALSE,4.3,0,NA,20,"SC10","early"
"495",6,"A",53,NA,NA,NA,34,NA,NA,2,15.7,FALSE,FALSE,9.3,6.3,NA,20,"SC10","early"
"496",6,"A",60,NA,NA,NA,38,NA,NA,2,18,FALSE,FALSE,10.7,7.3,NA,20,"SC10","early"
"497",42,"A",193,NA,NA,NA,163,NA,NA,14,50.3,FALSE,FALSE,40.3,10,NA,20,"SC10","early"
"498",42,"A",126,NA,NA,NA,102,NA,NA,14,28,FALSE,FALSE,20,8,NA,20,"SC10","early"
"499",61,"A",122,NA,NA,NA,100,NA,NA,20.3,20.3,FALSE,FALSE,13,7.3,NA,20,"SC10","early"
"500",61,"A",144,NA,NA,NA,123,NA,NA,20.3,27.7,FALSE,FALSE,20.7,7,NA,20,"SC10","early"
"501",123,"B",195,NA,NA,NA,167,NA,NA,41,24,FALSE,FALSE,14.7,9.3,NA,20,"SC10","early"
"502",123,"B",226,NA,NA,NA,199,NA,NA,41,34.3,FALSE,FALSE,25.3,9,NA,20,"SC10","early"
"503",196,"B",255,NA,NA,NA,229,NA,NA,65.3,19.7,FALSE,FALSE,11,8.7,NA,20,"SC10","early"
"504",227,"A",283,NA,NA,NA,257,NA,NA,75.7,18.7,FALSE,FALSE,10,8.7,NA,20,"SC10","early"
"505",227,"A",281,NA,NA,NA,257,NA,NA,75.7,18,FALSE,FALSE,10,8,NA,20,"SC10","early"
"506",284,"B",341,NA,NA,NA,319,NA,NA,94.7,19,FALSE,FALSE,11.7,7.3,NA,20,"SC10","early"
"507",284,"B",369,NA,NA,NA,335,NA,NA,94.7,28.3,FALSE,FALSE,17,11.3,NA,20,"SC10","early"
"508",342,"B",453,NA,TRUE,NA,447,NA,NA,114,37,TRUE,FALSE,35,2,NA,20,"SC10","early"
"509",370,"A",405,NA,NA,TRUE,NA,NA,NA,123.3,11.7,FALSE,TRUE,11.7,0,NA,20,"SC10","early"
"510",256,"B",319,NA,NA,NA,295,NA,NA,85.3,21,FALSE,FALSE,13,8,NA,20,"SC10","early"
"511",320,"A",453,NA,TRUE,NA,NA,NA,NA,106.7,44.3,TRUE,FALSE,44.3,0,NA,20,"SC10","early"
"512",320,"A",453,NA,TRUE,NA,NA,NA,NA,106.7,44.3,TRUE,FALSE,44.3,0,NA,20,"SC10","early"
"513",175,"C",298,NA,NA,NA,266,NA,NA,58.3,41,FALSE,FALSE,30.3,10.7,NA,20,"SC10","early"
"514",175,"C",240,NA,NA,NA,213,NA,NA,58.3,21.7,FALSE,FALSE,12.7,9,NA,20,"SC10","early"
"515",253,"A",309,NA,NA,NA,290,NA,NA,84.3,18.7,FALSE,FALSE,12.3,6.3,NA,20,"SC10","early"
"516",253,"A",318,NA,NA,NA,286,NA,NA,84.3,21.7,FALSE,FALSE,11,10.7,NA,20,"SC10","early"
"517",299,"B",385,NA,NA,NA,350,NA,NA,99.7,28.7,FALSE,FALSE,17,11.7,NA,20,"SC10","early"
"518",299,"B",424,NA,NA,NA,393,NA,NA,99.7,41.7,FALSE,FALSE,31.3,10.3,NA,20,"SC10","early"
"519",319,"A",381,NA,NA,TRUE,NA,NA,NA,106.3,20.7,FALSE,TRUE,20.7,0,NA,20,"SC10","early"
"520",343,"E",453,NA,TRUE,NA,NA,NA,NA,114.3,36.7,TRUE,FALSE,36.7,0,NA,20,"SC10","early"
"521",343,"E",409,NA,NA,NA,366,NA,NA,114.3,22,FALSE,FALSE,7.7,14.3,NA,20,"SC10","early"
"522",314,"B",453,NA,TRUE,NA,NA,NA,NA,104.7,46.3,TRUE,FALSE,46.3,0,NA,20,"SC10","early"
"523",443,"B",453,NA,TRUE,NA,NA,NA,NA,147.7,3.3,TRUE,FALSE,3.3,0,NA,20,"SC10","early"
"524",443,"B",453,NA,TRUE,NA,NA,NA,NA,147.7,3.3,TRUE,FALSE,3.3,0,NA,20,"SC10","early"
"525",452,"A",453,NA,TRUE,NA,NA,NA,NA,150.7,0.3,TRUE,FALSE,0.3,0,NA,20,"SC10","early"
"526",452,"A",453,NA,TRUE,NA,NA,NA,NA,150.7,0.3,TRUE,FALSE,0.3,0,NA,20,"SC10","early"
"527",55,"A",144,NA,NA,NA,120,NA,NA,18.3,29.7,FALSE,FALSE,21.7,8,NA,20,"SC10","early"
"528",55,"A",119,NA,NA,NA,99,NA,NA,18.3,21.3,FALSE,FALSE,14.7,6.7,NA,20,"SC10","early"
"529",80,"A",136,NA,NA,NA,116,NA,NA,26.7,18.7,FALSE,FALSE,12,6.7,NA,20,"SC10","early"
"530",80,"A",140,NA,NA,NA,118,NA,NA,26.7,20,FALSE,FALSE,12.7,7.3,NA,20,"SC10","early"
"531",120,"B",206,NA,NA,NA,182,NA,NA,40,28.7,FALSE,FALSE,20.7,8,NA,20,"SC10","early"
"532",120,"B",182,NA,NA,NA,163,NA,NA,40,20.7,FALSE,FALSE,14.3,6.3,NA,20,"SC10","early"
"533",137,"A",195,NA,NA,NA,172,NA,NA,45.7,19.3,FALSE,FALSE,11.7,7.7,NA,20,"SC10","early"
"534",137,"A",192,NA,NA,NA,176,NA,NA,45.7,18.3,FALSE,FALSE,13,5.3,NA,20,"SC10","early"
"535",141,"A",196,NA,NA,NA,178,NA,NA,47,18.3,FALSE,FALSE,12.3,6,NA,20,"SC10","early"
"536",141,"A",197,NA,NA,NA,176,NA,NA,47,18.7,FALSE,FALSE,11.7,7,NA,20,"SC10","early"
"537",145,"B",244,NA,NA,NA,224,NA,NA,48.3,33,FALSE,FALSE,26.3,6.7,NA,20,"SC10","early"
"538",145,"B",317,NA,NA,NA,296,NA,NA,48.3,57.3,FALSE,FALSE,50.3,7,NA,20,"SC10","early"
"539",62,"A",131,NA,NA,NA,114,NA,NA,20.7,23,FALSE,FALSE,17.3,5.7,NA,20,"SC10","early"
"540",62,"A",139,NA,NA,NA,115,NA,NA,20.7,25.7,FALSE,FALSE,17.7,8,NA,20,"SC10","early"
"541",124,"A",176,NA,NA,NA,156,NA,NA,41.3,17.3,FALSE,FALSE,10.7,6.7,NA,20,"SC10","early"
"542",124,"A",180,NA,NA,NA,156,NA,NA,41.3,18.7,FALSE,FALSE,10.7,8,NA,20,"SC10","early"
"543",177,"A",240,NA,NA,NA,217,NA,NA,59,21,FALSE,FALSE,13.3,7.7,NA,20,"SC10","early"
"544",177,"A",239,NA,NA,NA,216,NA,NA,59,20.7,FALSE,FALSE,13,7.7,NA,20,"SC10","early"
"545",197,"B",250,NA,NA,NA,230,NA,NA,65.7,17.7,FALSE,FALSE,11,6.7,NA,20,"SC10","early"
"546",197,"B",256,NA,NA,NA,236,NA,NA,65.7,19.7,FALSE,FALSE,13,6.7,NA,20,"SC10","early"
"547",198,"C",259,NA,NA,NA,234,NA,NA,66,20.3,FALSE,FALSE,12,8.3,NA,20,"SC10","early"
"548",198,"C",256,NA,NA,NA,233,NA,NA,66,19.3,FALSE,FALSE,11.7,7.7,NA,20,"SC10","early"
"549",207,"A",257,NA,NA,NA,233,NA,NA,69,16.7,FALSE,FALSE,8.7,8,NA,20,"SC10","early"
"550",196,"C",257,NA,NA,NA,233,NA,NA,65.3,20.3,FALSE,FALSE,12.3,8,NA,20,"SC10","early"
"551",196,"C",258,NA,NA,NA,234,NA,NA,65.3,20.7,FALSE,FALSE,12.7,8,NA,20,"SC10","early"
"552",181,"A",242,NA,NA,NA,219,NA,NA,60.3,20.3,FALSE,FALSE,12.7,7.7,NA,20,"SC10","early"
"553",181,"A",235,NA,NA,NA,213,NA,NA,60.3,18,FALSE,FALSE,10.7,7.3,NA,20,"SC10","early"
"554",183,"A",266,NA,NA,NA,246,NA,NA,61,27.7,FALSE,FALSE,21,6.7,NA,20,"SC10","early"
"555",183,"A",419,NA,NA,NA,370,NA,NA,61,78.7,FALSE,FALSE,62.3,16.3,NA,20,"SC10","early"
"556",236,"B",304,NA,NA,NA,283,NA,NA,78.7,22.7,FALSE,FALSE,15.7,7,NA,20,"SC10","early"
"557",236,"B",297,NA,NA,NA,268,NA,NA,78.7,20.3,FALSE,FALSE,10.7,9.7,NA,20,"SC10","early"
"558",243,"B",328,NA,NA,NA,296,NA,NA,81,28.3,FALSE,FALSE,17.7,10.7,NA,20,"SC10","early"
"559",260,"D",336,NA,NA,NA,310,NA,NA,86.7,25.3,FALSE,FALSE,16.7,8.7,NA,20,"SC10","early"
"560",267,"C",453,NA,TRUE,NA,NA,NA,NA,89,62,TRUE,FALSE,62,0,NA,20,"SC10","early"
"561",267,"C",341,NA,NA,NA,324,NA,NA,89,24.7,FALSE,FALSE,19,5.7,NA,20,"SC10","early"
"562",251,"C",313,NA,NA,NA,293,NA,NA,83.7,20.7,FALSE,FALSE,14,6.7,NA,20,"SC10","early"
"563",251,"C",310,NA,NA,NA,292,NA,NA,83.7,19.7,FALSE,FALSE,13.7,6,NA,20,"SC10","early"
"564",257,"A",313,NA,NA,NA,293,NA,NA,85.7,18.7,FALSE,FALSE,12,6.7,NA,20,"SC10","early"
"565",258,"D",315,NA,NA,NA,297,NA,NA,86,19,FALSE,FALSE,13,6,NA,20,"SC10","early"
"566",258,"D",316,NA,NA,NA,291,NA,NA,86,19.3,FALSE,FALSE,11,8.3,NA,20,"SC10","early"
"567",245,"A",317,NA,NA,NA,293,NA,NA,81.7,24,FALSE,FALSE,16,8,NA,20,"SC10","early"
"568",245,"A",312,NA,NA,NA,295,NA,NA,81.7,22.3,FALSE,FALSE,16.7,5.7,NA,20,"SC10","early"
"569",260,"E",319,NA,NA,NA,293,NA,NA,86.7,19.7,FALSE,FALSE,11,8.7,NA,20,"SC10","early"
"570",260,"E",315,NA,NA,NA,293,NA,NA,86.7,18.3,FALSE,FALSE,11,7.3,NA,20,"SC10","early"
"571",260,"F",315,NA,NA,NA,302,NA,NA,86.7,18.3,FALSE,FALSE,14,4.3,NA,20,"SC10","early"
"572",193,"B",250,NA,NA,NA,232,NA,NA,64.3,19,FALSE,FALSE,13,6,NA,20,"SC10","early"
"573",193,"B",250,NA,NA,NA,231,NA,NA,64.3,19,FALSE,FALSE,12.7,6.3,NA,20,"SC10","early"
"574",318,"A",453,NA,TRUE,NA,NA,NA,NA,106,45,TRUE,FALSE,45,0,NA,20,"SC10","early"
"575",318,"A",453,NA,TRUE,NA,NA,NA,NA,106,45,TRUE,FALSE,45,0,NA,20,"SC10","early"
"576",120,"C",182,NA,NA,NA,163,NA,NA,40,20.7,FALSE,FALSE,14.3,6.3,NA,20,"SC10","early"
"577",120,"C",206,NA,NA,NA,182,NA,NA,40,28.7,FALSE,FALSE,20.7,8,NA,20,"SC10","early"
"578",140,"D",227,NA,NA,NA,203,NA,NA,46.7,29,FALSE,FALSE,21,8,NA,20,"SC10","early"
"579",140,"D",229,NA,NA,NA,200,NA,NA,46.7,29.7,FALSE,FALSE,20,9.7,NA,20,"SC10","early"
"580",240,"A",304,NA,NA,NA,298,NA,NA,80,21.3,FALSE,FALSE,19.3,2,NA,20,"SC10","early"
"581",329,"A",453,NA,TRUE,NA,NA,NA,NA,109.7,41.3,TRUE,FALSE,41.3,0,NA,20,"SC10","early"
"582",313,"A",453,NA,TRUE,NA,NA,NA,NA,104.3,46.7,TRUE,FALSE,46.7,0,NA,20,"SC10","early"
"583",313,"A",453,NA,TRUE,NA,NA,NA,NA,104.3,46.7,TRUE,FALSE,46.7,0,NA,20,"SC10","early"
"584",316,"B",453,NA,TRUE,NA,NA,NA,NA,105.3,45.7,TRUE,FALSE,45.7,0,NA,20,"SC10","early"
"585",316,"C",453,NA,TRUE,NA,NA,NA,NA,105.3,45.7,TRUE,FALSE,45.7,0,NA,20,"SC10","early"
"586",316,"C",397,NA,NA,NA,377,NA,NA,105.3,27,FALSE,FALSE,20.3,6.7,NA,20,"SC10","early"
"587",398,"C",453,NA,TRUE,NA,NA,NA,NA,132.7,18.3,TRUE,FALSE,18.3,0,NA,20,"SC10","early"
"588",398,"C",453,NA,TRUE,NA,NA,NA,NA,132.7,18.3,TRUE,FALSE,18.3,0,NA,20,"SC10","early"
"589",221,"A",345,NA,NA,NA,323,NA,NA,73.7,41.3,FALSE,FALSE,34,7.3,NA,20,"SC10","early"
"590",346,"A",453,NA,TRUE,NA,NA,NA,NA,115.3,35.7,TRUE,FALSE,35.7,0,NA,20,"SC10","early"
"591",9,"A",61,NA,NA,NA,37,NA,NA,3,17.3,FALSE,FALSE,9.3,8,NA,20,"SC10","early"
"592",9,"A",58,NA,NA,NA,37,NA,NA,3,16.3,FALSE,FALSE,9.3,7,NA,20,"SC10","early"
"593",59,"B",119,NA,NA,NA,93,NA,NA,19.7,20,FALSE,FALSE,11.3,8.7,NA,20,"SC10","early"
"594",59,"B",123,NA,NA,NA,97,NA,NA,19.7,21.3,FALSE,FALSE,12.7,8.7,NA,20,"SC10","early"
"595",124,"B",188,NA,NA,NA,164,NA,NA,41.3,21.3,FALSE,FALSE,13.3,8,NA,20,"SC10","early"
"596",124,"B",236,NA,NA,NA,208,NA,NA,41.3,37.3,FALSE,FALSE,28,9.3,NA,20,"SC10","early"
"597",183,"B",351,NA,NA,TRUE,NA,NA,NA,61,56,FALSE,TRUE,56,0,NA,20,"SC10","early"
"598",183,"C",252,NA,NA,NA,228,NA,NA,61,23,FALSE,FALSE,15,8,NA,20,"SC10","early"
"599",183,"C",253,NA,NA,NA,224,NA,NA,61,23.3,FALSE,FALSE,13.7,9.7,NA,20,"SC10","early"
"600",253,"B",333,NA,NA,NA,306,NA,NA,84.3,26.7,FALSE,FALSE,17.7,9,NA,20,"SC10","early"
"601",253,"B",336,NA,NA,NA,306,NA,NA,84.3,27.7,FALSE,FALSE,17.7,10,NA,20,"SC10","early"
"602",201,"B",261,NA,NA,NA,239,NA,NA,67,20,FALSE,FALSE,12.7,7.3,NA,20,"SC10","early"
"603",254,"A",337,NA,NA,NA,310,NA,NA,84.7,27.7,FALSE,FALSE,18.7,9,NA,20,"SC10","early"
"604",262,"A",325,NA,NA,NA,302,NA,NA,87.3,21,FALSE,FALSE,13.3,7.7,NA,20,"SC10","early"
"605",10,"B",56,NA,NA,NA,37,NA,NA,3.3,15.3,FALSE,FALSE,9,6.3,NA,20,"SC10","early"
"606",10,"B",56,NA,NA,NA,37,NA,NA,3.3,15.3,FALSE,FALSE,9,6.3,NA,20,"SC10","early"
"607",57,"B",125,NA,NA,NA,109,NA,NA,19,22.7,FALSE,FALSE,17.3,5.3,NA,20,"SC10","early"
"608",57,"B",114,NA,NA,NA,96,NA,NA,19,19,FALSE,FALSE,13,6,NA,20,"SC10","early"
"609",115,"A",193,NA,NA,NA,172,NA,NA,38.3,26,FALSE,FALSE,19,7,NA,20,"SC10","early"
"610",126,"A",193,NA,NA,NA,167,NA,NA,42,22.3,FALSE,FALSE,13.7,8.7,NA,20,"SC10","early"
"611",94,"A",154,NA,NA,NA,129,NA,NA,31.3,20,FALSE,FALSE,11.7,8.3,NA,20,"SC10","early"
"612",94,"A",154,NA,NA,NA,135,NA,NA,31.3,20,FALSE,FALSE,13.7,6.3,NA,20,"SC10","early"
"613",28,"A",51,NA,NA,TRUE,NA,NA,NA,177.3,7.7,FALSE,TRUE,7.7,0,NA,20,"SC01","idling"
"614",28,"A",167,NA,NA,TRUE,97,NA,NA,177.3,46.3,FALSE,TRUE,23,23.3,NA,20,"SC01","idling"
"615",40,"A",143,NA,NA,TRUE,119,NA,NA,181.3,34.3,FALSE,TRUE,26.3,8,NA,20,"SC01","idling"
"616",180,"A",267,NA,NA,TRUE,NA,NA,NA,228,29,FALSE,TRUE,29,0,NA,20,"SC01","idling"
"617",180,"A",267,NA,NA,TRUE,NA,NA,NA,228,29,FALSE,TRUE,29,0,NA,20,"SC01","idling"
"618",88,"A",356,NA,NA,TRUE,NA,NA,NA,197.3,89.3,FALSE,TRUE,89.3,0,NA,20,"SC01","idling"
"619",88,"A",356,NA,NA,TRUE,NA,NA,NA,197.3,89.3,FALSE,TRUE,89.3,0,NA,20,"SC01","idling"
"620",92,"A",268,NA,NA,TRUE,NA,NA,NA,198.7,58.7,FALSE,TRUE,58.7,0,NA,20,"SC01","idling"
"621",92,"A",316,NA,NA,TRUE,NA,NA,NA,198.7,74.7,FALSE,TRUE,74.7,0,NA,20,"SC01","idling"
"622",18,"A",91,NA,NA,TRUE,NA,NA,NA,174,24.3,FALSE,TRUE,24.3,0,NA,20,"SC01","idling"
"623",101,"A",292,NA,NA,TRUE,NA,NA,NA,201.7,63.7,FALSE,TRUE,63.7,0,NA,20,"SC01","idling"
"624",271,"A",290,NA,NA,TRUE,NA,NA,NA,258.3,6.3,FALSE,TRUE,6.3,0,NA,20,"SC01","idling"
"625",113,"A",224,NA,NA,TRUE,NA,NA,NA,205.7,37,FALSE,TRUE,37,0,NA,20,"SC01","idling"
"626",139,"A",200,NA,NA,TRUE,NA,NA,NA,214.3,20.3,FALSE,TRUE,20.3,0,NA,20,"SC01","idling"
"627",139,"A",241,NA,NA,TRUE,NA,NA,NA,214.3,34,FALSE,TRUE,34,0,NA,20,"SC01","idling"
"628",73,"A",239,NA,NA,TRUE,188,NA,NA,192.3,55.3,FALSE,TRUE,38.3,17,NA,20,"SC01","idling"
"629",73,"A",139,NA,NA,TRUE,NA,NA,NA,192.3,22,FALSE,TRUE,22,0,NA,20,"SC01","idling"
"630",19,"A",134,NA,NA,TRUE,NA,NA,NA,174.3,38.3,FALSE,TRUE,38.3,0,NA,20,"SC01","idling"
"631",19,"A",81,NA,NA,TRUE,NA,NA,NA,174.3,20.7,FALSE,TRUE,20.7,0,NA,20,"SC01","idling"
"632",97,"A",117,NA,NA,TRUE,NA,NA,NA,200.3,6.7,FALSE,TRUE,6.7,0,NA,20,"SC01","idling"
"633",20,"A",115,NA,NA,TRUE,NA,NA,NA,174.7,31.7,FALSE,TRUE,31.7,0,NA,20,"SC01","idling"
"634",89,"A",219,NA,NA,TRUE,NA,NA,NA,197.7,43.3,FALSE,TRUE,43.3,0,NA,20,"SC01","idling"
"635",184,"A",239,NA,NA,TRUE,NA,NA,NA,229.3,18.3,FALSE,TRUE,18.3,0,NA,20,"SC01","idling"
"636",184,"A",348,NA,NA,TRUE,NA,NA,NA,229.3,54.7,FALSE,TRUE,54.7,0,NA,20,"SC01","idling"
"637",258,"A",313,NA,NA,TRUE,NA,NA,NA,254,18.3,FALSE,TRUE,18.3,0,NA,20,"SC01","idling"
"638",258,"A",324,NA,NA,TRUE,NA,NA,NA,254,22,FALSE,TRUE,22,0,NA,20,"SC01","idling"
"639",144,"A",318,NA,NA,TRUE,NA,NA,NA,216,58,FALSE,TRUE,58,0,NA,20,"SC01","idling"
"640",129,"A",204,NA,NA,TRUE,NA,NA,NA,211,25,FALSE,TRUE,25,0,NA,20,"SC01","idling"
"641",129,"A",363,NA,NA,TRUE,318,NA,NA,211,78,FALSE,TRUE,63,15,NA,20,"SC01","idling"
"642",183,"A",215,NA,NA,TRUE,NA,NA,NA,229,10.7,FALSE,TRUE,10.7,0,NA,20,"SC01","idling"
"643",183,"A",215,NA,NA,TRUE,NA,NA,NA,229,10.7,FALSE,TRUE,10.7,0,NA,20,"SC01","idling"
"644",145,"A",193,NA,NA,TRUE,NA,NA,NA,216.3,16,FALSE,TRUE,16,0,NA,20,"SC01","idling"
"645",145,"A",193,NA,NA,TRUE,NA,NA,NA,216.3,16,FALSE,TRUE,16,0,NA,20,"SC01","idling"
"646",234,"A",248,NA,NA,TRUE,NA,NA,NA,246,4.7,FALSE,TRUE,4.7,0,NA,20,"SC01","idling"
"647",35,"A",264,NA,NA,TRUE,NA,NA,NA,179.7,76.3,FALSE,TRUE,76.3,0,NA,20,"SC01","idling"
"648",23,"A",365,NA,TRUE,NA,66,NA,NA,175.7,114,TRUE,FALSE,14.3,99.7,NA,20,"SC01","idling"
"649",23,"A",365,NA,TRUE,NA,66,NA,NA,175.7,114,TRUE,FALSE,14.3,99.7,NA,20,"SC01","idling"
"650",261,"A",365,NA,TRUE,NA,NA,NA,NA,255,34.7,TRUE,FALSE,34.7,0,NA,20,"SC01","idling"
"651",261,"A",365,NA,TRUE,NA,NA,NA,NA,255,34.7,TRUE,FALSE,34.7,0,NA,20,"SC01","idling"
"652",47,"A",365,NA,TRUE,NA,NA,NA,NA,183.7,106,TRUE,FALSE,106,0,NA,20,"SC01","idling"
"653",47,"A",365,NA,TRUE,NA,NA,NA,NA,183.7,106,TRUE,FALSE,106,0,NA,20,"SC01","idling"
"654",101,"A",365,NA,TRUE,NA,351,NA,NA,201.7,88,TRUE,FALSE,83.3,4.7,NA,20,"SC01","idling"
"655",68,"A",365,NA,TRUE,NA,232,NA,NA,190.7,99,TRUE,FALSE,54.7,44.3,NA,20,"SC01","idling"
"656",68,"A",365,NA,TRUE,NA,232,NA,NA,190.7,99,TRUE,FALSE,54.7,44.3,NA,20,"SC01","idling"
"657",271,"A",365,NA,TRUE,NA,NA,NA,NA,258.3,31.3,TRUE,FALSE,31.3,0,NA,20,"SC01","idling"
"658",113,"A",365,NA,TRUE,NA,NA,NA,NA,205.7,84,TRUE,FALSE,84,0,NA,20,"SC01","idling"
"659",161,"A",365,NA,TRUE,NA,NA,NA,NA,221.7,68,TRUE,FALSE,68,0,NA,20,"SC01","idling"
"660",161,"A",365,NA,TRUE,NA,NA,NA,NA,221.7,68,TRUE,FALSE,68,0,NA,20,"SC01","idling"
"661",144,"A",365,NA,TRUE,NA,NA,NA,NA,216,73.7,TRUE,FALSE,73.7,0,NA,20,"SC01","idling"
"662",234,"A",365,NA,TRUE,NA,NA,NA,NA,246,43.7,TRUE,FALSE,43.7,0,NA,20,"SC01","idling"
"663",35,"A",365,NA,TRUE,NA,NA,NA,NA,179.7,110,TRUE,FALSE,110,0,NA,20,"SC01","idling"
"664",40,"A",180,NA,NA,NA,128,NA,NA,181.3,46.7,FALSE,FALSE,29.3,17.3,NA,20,"SC01","idling"
"665",18,"A",120,NA,NA,NA,90,NA,NA,174,34,FALSE,FALSE,24,10,NA,20,"SC01","idling"
"666",120,"A",170,NA,NA,NA,150,NA,NA,208,16.7,FALSE,FALSE,10,6.7,NA,20,"SC01","idling"
"667",120,"A",261,NA,NA,NA,220,NA,NA,208,47,FALSE,FALSE,33.3,13.7,NA,20,"SC01","idling"
"668",13,"A",196,NA,NA,NA,123,NA,NA,172.3,61,FALSE,FALSE,36.7,24.3,NA,20,"SC01","idling"
"669",13,"A",161,NA,NA,NA,133,NA,NA,172.3,49.3,FALSE,FALSE,40,9.3,NA,20,"SC01","idling"
"670",78,"A",312,NA,NA,NA,252,NA,NA,194,78,FALSE,FALSE,58,20,NA,20,"SC01","idling"
"671",78,"A",187,NA,NA,NA,153,NA,NA,194,36.3,FALSE,FALSE,25,11.3,NA,20,"SC01","idling"
"672",97,"A",231,NA,NA,NA,217,NA,NA,200.3,44.7,FALSE,FALSE,40,4.7,NA,20,"SC01","idling"
"673",20,"A",329,NA,NA,NA,243,NA,NA,174.7,103,FALSE,FALSE,74.3,28.7,NA,20,"SC01","idling"
"674",89,"A",246,NA,NA,NA,228,NA,NA,197.7,52.3,FALSE,FALSE,46.3,6,NA,20,"SC01","idling"
"675",75,"A",184,NA,NA,NA,155,NA,NA,193,36.3,FALSE,FALSE,26.7,9.7,NA,20,"SC01","idling"
"676",164,"A",227,NA,NA,NA,221,NA,NA,222.7,21,FALSE,FALSE,19,2,NA,20,"SC01","idling"
"677",149,"A",246,NA,NA,NA,203,NA,NA,217.7,32.3,FALSE,FALSE,18,14.3,NA,20,"SC01","idling"
"678",41,"A",149,NA,NA,NA,83,NA,NA,181.7,36,FALSE,FALSE,14,22,NA,20,"SC01","idling"
"679",41,"A",140,NA,NA,NA,83,NA,NA,181.7,33,FALSE,FALSE,14,19,NA,20,"SC01","idling"
"680",14,"A",137,NA,NA,NA,97,NA,NA,172.7,41,FALSE,FALSE,27.7,13.3,NA,20,"SC01","idling"
"681",14,"A",144,NA,NA,NA,115,NA,NA,172.7,43.3,FALSE,FALSE,33.7,9.7,NA,20,"SC01","idling"
"682",137,"A",258,NA,NA,NA,243,NA,NA,213.7,40.3,FALSE,FALSE,35.3,5,NA,20,"SC01","idling"
"683",137,"A",272,NA,NA,NA,247,NA,NA,213.7,45,FALSE,FALSE,36.7,8.3,NA,20,"SC01","idling"
"684",185,"A",258,NA,NA,NA,215,NA,NA,229.7,24.3,FALSE,FALSE,10,14.3,NA,20,"SC01","idling"
"685",185,"A",271,NA,NA,NA,215,NA,NA,229.7,28.7,FALSE,FALSE,10,18.7,NA,20,"SC01","idling"
"686",NA,"",NA,NA,NA,NA,NA,NA,NA,NA,NA,NA,NA,NA,NA,NA,NA,"SC01","idling"
"687",NA,"",NA,NA,NA,NA,NA,NA,NA,NA,NA,NA,NA,NA,NA,NA,NA,"SC01","idling"
"688",180,"A",365,NA,TRUE,NA,NA,NA,NA,228,61.7,TRUE,FALSE,61.7,0,NA,20,"SC07","idling"
"689",39,"A",172,NA,NA,TRUE,117,NA,NA,181,44.3,FALSE,TRUE,26,18.3,NA,20,"SC07","idling"
"690",30,"A",112,NA,NA,TRUE,NA,NA,NA,178,27.3,FALSE,TRUE,27.3,0,NA,20,"SC07","idling"
"691",30,"A",112,NA,NA,TRUE,NA,NA,NA,178,27.3,FALSE,TRUE,27.3,0,NA,20,"SC07","idling"
"692",109,"A",223,NA,NA,TRUE,NA,NA,NA,204.3,38,FALSE,TRUE,38,0,NA,20,"SC07","idling"
"693",109,"A",117,NA,NA,TRUE,NA,NA,NA,204.3,2.7,FALSE,TRUE,2.7,0,NA,20,"SC07","idling"
"694",120,"A",141,NA,NA,TRUE,NA,NA,NA,208,7,FALSE,TRUE,7,0,NA,20,"SC07","idling"
"695",120,"A",141,NA,NA,TRUE,NA,NA,NA,208,7,FALSE,TRUE,7,0,NA,20,"SC07","idling"
"696",120,"B",284,NA,NA,TRUE,NA,NA,NA,208,54.7,FALSE,TRUE,54.7,0,NA,20,"SC07","idling"
"697",146,"A",157,NA,NA,TRUE,NA,NA,NA,216.7,3.7,FALSE,TRUE,3.7,0,NA,20,"SC07","idling"
"698",146,"A",175,NA,NA,TRUE,NA,NA,NA,216.7,9.7,FALSE,TRUE,9.7,0,NA,20,"SC07","idling"
"699",180,"A",224,NA,NA,TRUE,NA,NA,NA,228,14.7,FALSE,TRUE,14.7,0,NA,20,"SC07","idling"
"700",189,"A",224,NA,NA,TRUE,NA,NA,NA,231,11.7,FALSE,TRUE,11.7,0,NA,20,"SC07","idling"
"701",189,"A",224,NA,NA,TRUE,NA,NA,NA,231,11.7,FALSE,TRUE,11.7,0,NA,20,"SC07","idling"
"702",198,"A",213,NA,NA,TRUE,NA,NA,NA,234,5,FALSE,TRUE,5,0,NA,20,"SC07","idling"
"703",198,"A",360,NA,NA,TRUE,NA,NA,NA,234,54,FALSE,TRUE,54,0,NA,20,"SC07","idling"
"704",10,"A",156,NA,NA,TRUE,NA,NA,NA,171.3,48.7,FALSE,TRUE,48.7,0,NA,20,"SC07","idling"
"705",10,"A",156,NA,NA,TRUE,NA,NA,NA,171.3,48.7,FALSE,TRUE,48.7,0,NA,20,"SC07","idling"
"706",44,"B",92,NA,NA,NA,69,NA,NA,182.7,16,FALSE,FALSE,8.3,7.7,NA,20,"SC07","idling"
"707",16,"A",109,NA,NA,NA,72,NA,NA,173.3,31,FALSE,FALSE,18.7,12.3,NA,20,"SC07","idling"
"708",44,"A",123,NA,NA,NA,98,NA,NA,182.7,26.3,FALSE,FALSE,18,8.3,NA,20,"SC07","idling"
"709",91,"B",140,NA,NA,NA,101,NA,NA,198.3,16.3,FALSE,FALSE,3.3,13,NA,20,"SC07","idling"
"710",39,"A",146,NA,NA,NA,103,NA,NA,181,35.7,FALSE,FALSE,21.3,14.3,NA,20,"SC07","idling"
"711",44,"A",143,NA,NA,NA,109,NA,NA,182.7,33,FALSE,FALSE,21.7,11.3,NA,20,"SC07","idling"
"712",91,"A",181,NA,NA,NA,150,NA,NA,198.3,30,FALSE,FALSE,19.7,10.3,NA,20,"SC07","idling"
"713",122,"A",180,NA,NA,NA,153,NA,NA,208.7,19.3,FALSE,FALSE,10.3,9,NA,20,"SC07","idling"
"714",122,"A",189,NA,NA,NA,163,NA,NA,208.7,22.3,FALSE,FALSE,13.7,8.7,NA,20,"SC07","idling"
"715",120,"B",178,NA,NA,NA,165,NA,NA,208,19.3,FALSE,FALSE,15,4.3,NA,20,"SC07","idling"
"716",91,"A",194,NA,NA,NA,183,NA,NA,198.3,34.3,FALSE,FALSE,30.7,3.7,NA,20,"SC07","idling"
"717",156,"A",237,NA,NA,NA,195,NA,NA,220,27,FALSE,FALSE,13,14,NA,20,"SC07","idling"
"718",178,"A",222,NA,NA,NA,207,NA,NA,227.3,14.7,FALSE,FALSE,9.7,5,NA,20,"SC07","idling"
"719",50,"A",164,NA,NA,NA,135,NA,NA,184.7,38,FALSE,FALSE,28.3,9.7,NA,20,"SC07","idling"
"720",180,"A",365,NA,TRUE,NA,NA,NA,NA,228,61.7,TRUE,FALSE,61.7,0,NA,20,"SC07","idling"
"721",180,"A",365,NA,TRUE,NA,NA,NA,NA,228,61.7,TRUE,FALSE,61.7,0,NA,20,"SC07","idling"
"722",347,"A",365,NA,TRUE,NA,NA,NA,NA,283.7,6,TRUE,FALSE,6,0,NA,20,"SC07","idling"
"723",347,"A",365,NA,TRUE,NA,NA,NA,NA,283.7,6,TRUE,FALSE,6,0,NA,20,"SC07","idling"
"724",354,"A",365,NA,TRUE,NA,NA,NA,NA,286,3.7,TRUE,FALSE,3.7,0,NA,20,"SC07","idling"
"725",354,"A",365,NA,TRUE,NA,NA,NA,NA,286,3.7,TRUE,FALSE,3.7,0,NA,20,"SC07","idling"
"726",134,"A",365,NA,TRUE,NA,NA,NA,NA,212.7,77,TRUE,FALSE,77,0,NA,20,"SC07","idling"
"727",134,"A",365,NA,TRUE,NA,261,NA,NA,212.7,77,TRUE,FALSE,42.3,34.7,NA,20,"SC07","idling"
"728",282,"A",365,NA,TRUE,NA,NA,NA,NA,262,27.7,TRUE,FALSE,27.7,0,NA,20,"SC07","idling"
"729",282,"A",365,NA,TRUE,NA,NA,NA,NA,262,27.7,TRUE,FALSE,27.7,0,NA,20,"SC07","idling"
"730",311,"A",365,NA,TRUE,NA,NA,NA,NA,271.7,18,TRUE,FALSE,18,0,NA,20,"SC07","idling"
"731",311,"A",365,NA,TRUE,NA,NA,NA,NA,271.7,18,TRUE,FALSE,18,0,NA,20,"SC07","idling"
"732",337,"A",365,NA,TRUE,NA,NA,NA,NA,280.3,9.3,TRUE,FALSE,9.3,0,NA,20,"SC07","idling"
"733",337,"A",365,NA,TRUE,NA,NA,NA,NA,280.3,9.3,TRUE,FALSE,9.3,0,NA,20,"SC07","idling"
"734",289,"A",334,NA,NA,TRUE,NA,NA,NA,264.3,15,FALSE,TRUE,15,0,NA,20,"SC07","idling"
"735",289,"A",334,NA,NA,TRUE,NA,NA,NA,264.3,15,FALSE,TRUE,15,0,NA,20,"SC07","idling"
"736",142,"A",151,NA,NA,TRUE,NA,NA,NA,215.3,3,FALSE,TRUE,3,0,NA,20,"SC07","idling"
"737",142,"A",167,NA,NA,TRUE,NA,NA,NA,215.3,8.3,FALSE,TRUE,8.3,0,NA,20,"SC07","idling"
"738",73,"A",196,NA,NA,TRUE,NA,NA,NA,192.3,41,FALSE,TRUE,41,0,NA,20,"SC07","idling"
"739",34,"A",79,NA,NA,TRUE,NA,NA,NA,179.3,15,FALSE,TRUE,15,0,NA,20,"SC07","idling"
"740",107,"A",131,NA,NA,TRUE,NA,NA,NA,203.7,8,FALSE,TRUE,8,0,NA,20,"SC07","idling"
"741",112,"A",136,NA,NA,TRUE,NA,NA,NA,205.3,8,FALSE,TRUE,8,0,NA,20,"SC07","idling"
"742",112,"A",136,NA,NA,TRUE,NA,NA,NA,205.3,8,FALSE,TRUE,8,0,NA,20,"SC07","idling"
"743",127,"A",143,NA,NA,TRUE,NA,NA,NA,210.3,5.3,FALSE,TRUE,5.3,0,NA,20,"SC07","idling"
"744",258,"A",267,NA,NA,TRUE,NA,NA,NA,254,3,FALSE,TRUE,3,0,NA,20,"SC07","idling"
"745",258,"A",267,NA,NA,TRUE,NA,NA,NA,254,3,FALSE,TRUE,3,0,NA,20,"SC07","idling"
"746",117,"A",187,NA,NA,TRUE,NA,NA,NA,207,23.3,FALSE,TRUE,23.3,0,NA,20,"SC07","idling"
"747",117,"A",312,NA,NA,TRUE,NA,NA,NA,207,65,FALSE,TRUE,65,0,NA,20,"SC07","idling"
"748",179,"A",289,NA,NA,NA,248,NA,NA,227.7,36.7,FALSE,FALSE,23,13.7,NA,20,"SC07","idling"
"749",34,"A",107,NA,NA,NA,73,NA,NA,179.3,24.3,FALSE,FALSE,13,11.3,NA,20,"SC07","idling"
"750",107,"A",196,NA,NA,NA,157,NA,NA,203.7,29.7,FALSE,FALSE,16.7,13,NA,20,"SC07","idling"
"751",127,"A",210,NA,NA,NA,182,NA,NA,210.3,27.7,FALSE,FALSE,18.3,9.3,NA,20,"SC07","idling"
"752",210,"A",311,NA,NA,NA,276,NA,NA,238,33.7,FALSE,FALSE,22,11.7,NA,20,"SC07","idling"
"753",210,"A",337,NA,NA,NA,292,NA,NA,238,42.3,FALSE,FALSE,27.3,15,NA,20,"SC07","idling"
"754",8,"A",159,NA,NA,NA,109,NA,NA,170.7,50.3,FALSE,FALSE,33.7,16.7,NA,20,"SC07","idling"
"755",8,"A",127,NA,NA,NA,81,NA,NA,170.7,39.7,FALSE,FALSE,24.3,15.3,NA,20,"SC07","idling"
"756",159,"A",238,NA,NA,NA,203,NA,NA,221,26.3,FALSE,FALSE,14.7,11.7,NA,20,"SC07","idling"
"757",159,"A",258,NA,NA,NA,223,NA,NA,221,33,FALSE,FALSE,21.3,11.7,NA,20,"SC07","idling"
"758",238,"A",322,NA,NA,NA,293,NA,NA,247.3,28,FALSE,FALSE,18.3,9.7,NA,20,"SC07","idling"
"759",238,"A",349,NA,NA,NA,303,NA,NA,247.3,37,FALSE,FALSE,21.7,15.3,NA,20,"SC07","idling"
"760",19,"A",144,NA,NA,NA,109,NA,NA,174.3,41.7,FALSE,TRUE,30,11.7,NA,20,"SC07","idling"
"761",31,"A",127,NA,NA,NA,78,NA,NA,178.3,32,FALSE,TRUE,15.7,16.3,NA,20,"SC07","idling"
"762",313,"A",364,NA,TRUE,NA,NA,NA,NA,272.3,17,TRUE,FALSE,17,0,NA,20,"SC10","idling"
"763",313,"A",364,NA,TRUE,NA,NA,NA,NA,272.3,17,TRUE,FALSE,17,0,NA,20,"SC10","idling"
"764",314,"A",364,NA,TRUE,NA,NA,NA,NA,272.7,16.7,TRUE,FALSE,16.7,0,NA,20,"SC10","idling"
"765",250,"A",364,NA,TRUE,NA,337,NA,NA,251.3,38,TRUE,FALSE,29,9,NA,20,"SC10","idling"
"766",283,"A",364,NA,TRUE,NA,NA,NA,NA,262.3,27,TRUE,FALSE,27,0,NA,20,"SC10","idling"
"767",283,"A",364,NA,TRUE,NA,NA,NA,NA,262.3,27,TRUE,FALSE,27,0,NA,20,"SC10","idling"
"768",289,"A",364,NA,TRUE,NA,NA,NA,NA,264.3,25,TRUE,FALSE,25,0,NA,20,"SC10","idling"
"769",289,"A",364,NA,TRUE,NA,NA,NA,NA,264.3,25,TRUE,FALSE,25,0,NA,20,"SC10","idling"
"770",342,"A",364,NA,TRUE,NA,NA,NA,NA,282,7.3,TRUE,FALSE,7.3,0,NA,20,"SC10","idling"
"771",178,"A",364,NA,TRUE,NA,271,NA,NA,227.3,62,TRUE,FALSE,31,31,NA,20,"SC10","idling"
"772",308,"A",364,NA,TRUE,NA,NA,NA,NA,270.7,18.7,TRUE,FALSE,18.7,0,NA,20,"SC10","idling"
"773",308,"A",364,NA,TRUE,NA,NA,NA,NA,270.7,18.7,TRUE,FALSE,18.7,0,NA,20,"SC10","idling"
"774",349,"A",364,NA,TRUE,NA,NA,NA,NA,284.3,5,TRUE,FALSE,5,0,NA,20,"SC10","idling"
"775",349,"A",364,NA,TRUE,NA,NA,NA,NA,284.3,5,TRUE,FALSE,5,0,NA,20,"SC10","idling"
"776",267,"A",364,NA,TRUE,NA,NA,NA,NA,257,32.3,TRUE,FALSE,32.3,0,NA,20,"SC10","idling"
"777",267,"A",364,NA,TRUE,NA,NA,NA,NA,257,32.3,TRUE,FALSE,32.3,0,NA,20,"SC10","idling"
"778",260,"A",364,NA,TRUE,NA,NA,NA,NA,254.7,34.7,TRUE,FALSE,34.7,0,NA,20,"SC10","idling"
"779",260,"A",364,NA,TRUE,NA,NA,NA,NA,254.7,34.7,TRUE,FALSE,34.7,0,NA,20,"SC10","idling"
"780",329,"B",364,NA,TRUE,NA,NA,NA,NA,277.7,11.7,TRUE,FALSE,11.7,0,NA,20,"SC10","idling"
"781",329,"A",364,NA,TRUE,NA,NA,NA,NA,277.7,11.7,TRUE,FALSE,11.7,0,NA,20,"SC10","idling"
"782",341,"A",364,NA,TRUE,NA,NA,NA,NA,281.7,7.7,TRUE,FALSE,7.7,0,NA,20,"SC10","idling"
"783",341,"A",364,NA,TRUE,NA,NA,NA,NA,281.7,7.7,TRUE,FALSE,7.7,0,NA,20,"SC10","idling"
"784",312,"B",364,NA,TRUE,NA,354,NA,NA,272,17.3,TRUE,FALSE,14,3.3,NA,20,"SC10","idling"
"785",312,"B",364,NA,TRUE,NA,358,NA,NA,272,17.3,TRUE,FALSE,15.3,2,NA,20,"SC10","idling"
"786",324,"A",364,NA,TRUE,NA,NA,NA,NA,276,13.3,TRUE,FALSE,13.3,0,NA,20,"SC10","idling"
"787",324,"A",364,NA,TRUE,NA,NA,NA,NA,276,13.3,TRUE,FALSE,13.3,0,NA,20,"SC10","idling"
"788",291,"A",364,NA,TRUE,NA,NA,NA,NA,265,24.3,TRUE,FALSE,24.3,0,NA,20,"SC10","idling"
"789",295,"A",364,NA,TRUE,NA,362,NA,NA,266.3,23,TRUE,FALSE,22.3,0.7,NA,20,"SC10","idling"
"790",299,"A",364,NA,TRUE,NA,NA,NA,NA,267.7,21.7,TRUE,FALSE,21.7,0,NA,20,"SC10","idling"
"791",299,"A",364,NA,TRUE,NA,NA,NA,NA,267.7,21.7,TRUE,FALSE,21.7,0,NA,20,"SC10","idling"
"792",329,"C",364,NA,TRUE,NA,NA,NA,NA,277.7,11.7,TRUE,FALSE,11.7,0,NA,20,"SC10","idling"
"793",329,"C",364,NA,TRUE,NA,NA,NA,NA,277.7,11.7,TRUE,FALSE,11.7,0,NA,20,"SC10","idling"
"794",333,"A",364,NA,TRUE,NA,NA,NA,NA,279,10.3,TRUE,FALSE,10.3,0,NA,20,"SC10","idling"
"795",333,"A",364,NA,TRUE,NA,NA,NA,NA,279,10.3,TRUE,FALSE,10.3,0,NA,20,"SC10","idling"
"796",90,"A",364,NA,TRUE,NA,NA,NA,NA,198,91.3,TRUE,FALSE,91.3,0,NA,20,"SC10","idling"
"797",234,"A",364,NA,TRUE,NA,334,NA,NA,246,43.3,TRUE,FALSE,33.3,10,NA,20,"SC10","idling"
"798",322,"A",364,NA,TRUE,NA,363,NA,NA,275.3,14,TRUE,FALSE,13.7,0.3,NA,20,"SC10","idling"
"799",322,"A",364,NA,TRUE,NA,363,NA,NA,275.3,14,TRUE,FALSE,13.7,0.3,NA,20,"SC10","idling"
"800",289,"B",364,NA,TRUE,NA,352,NA,NA,264.3,25,TRUE,FALSE,21,4,NA,20,"SC10","idling"
"801",290,"A",364,NA,TRUE,NA,NA,NA,NA,264.7,24.7,TRUE,FALSE,24.7,0,NA,20,"SC10","idling"
"802",290,"A",364,NA,TRUE,NA,NA,NA,NA,264.7,24.7,TRUE,FALSE,24.7,0,NA,20,"SC10","idling"
"803",305,"A",364,NA,TRUE,NA,351,NA,NA,269.7,19.7,TRUE,FALSE,15.3,4.3,NA,20,"SC10","idling"
"804",348,"A",364,NA,TRUE,NA,NA,NA,NA,284,5.3,TRUE,FALSE,5.3,0,NA,20,"SC10","idling"
"805",348,"A",364,NA,TRUE,NA,NA,NA,NA,284,5.3,TRUE,FALSE,5.3,0,NA,20,"SC10","idling"
"806",326,"A",364,NA,TRUE,NA,NA,NA,NA,276.7,12.7,TRUE,FALSE,12.7,0,NA,20,"SC10","idling"
"807",326,"A",364,NA,TRUE,NA,NA,NA,NA,276.7,12.7,TRUE,FALSE,12.7,0,NA,20,"SC10","idling"
"808",81,"A",364,NA,TRUE,NA,NA,NA,NA,195,94.3,TRUE,FALSE,94.3,0,NA,20,"SC10","idling"
"809",81,"A",364,NA,TRUE,NA,NA,NA,NA,195,94.3,TRUE,FALSE,94.3,0,NA,20,"SC10","idling"
"810",258,"A",364,NA,TRUE,NA,NA,NA,NA,254,35.3,TRUE,FALSE,35.3,0,NA,20,"SC10","idling"
"811",258,"A",364,NA,TRUE,NA,NA,NA,NA,254,35.3,TRUE,FALSE,35.3,0,NA,20,"SC10","idling"
"812",311,"A",364,NA,TRUE,NA,NA,NA,NA,271.7,17.7,TRUE,FALSE,17.7,0,NA,20,"SC10","idling"
"813",311,"A",364,NA,TRUE,NA,NA,NA,NA,271.7,17.7,TRUE,FALSE,17.7,0,NA,20,"SC10","idling"
"814",311,"A",364,NA,TRUE,NA,NA,NA,NA,271.7,17.7,TRUE,FALSE,17.7,0,NA,20,"SC10","idling"
"815",312,"A",364,NA,TRUE,NA,352,NA,NA,272,17.3,TRUE,FALSE,13.3,4,NA,20,"SC10","idling"
"816",312,"A",364,NA,TRUE,NA,NA,NA,NA,272,17.3,TRUE,FALSE,17.3,0,NA,20,"SC10","idling"
"817",321,"A",364,NA,TRUE,NA,NA,NA,NA,275,14.3,TRUE,FALSE,14.3,0,NA,20,"SC10","idling"
"818",321,"A",364,NA,TRUE,NA,NA,NA,NA,275,14.3,TRUE,FALSE,14.3,0,NA,20,"SC10","idling"
"819",191,"A",364,NA,TRUE,NA,NA,NA,NA,231.7,57.7,TRUE,FALSE,57.7,0,NA,20,"SC10","idling"
"820",236,"A",364,NA,TRUE,NA,321,NA,NA,246.7,42.7,TRUE,FALSE,28.3,14.3,NA,20,"SC10","idling"
"821",236,"A",364,NA,TRUE,NA,328,NA,NA,246.7,42.7,TRUE,FALSE,30.7,12,NA,20,"SC10","idling"
"822",309,"A",364,NA,TRUE,NA,NA,NA,NA,271,18.3,TRUE,FALSE,18.3,0,NA,20,"SC10","idling"
"823",309,"A",364,NA,TRUE,NA,NA,NA,NA,271,18.3,TRUE,FALSE,18.3,0,NA,20,"SC10","idling"
"824",311,"A",364,NA,TRUE,NA,NA,NA,NA,271.7,17.7,TRUE,FALSE,17.7,0,NA,20,"SC10","idling"
"825",311,"A",364,NA,TRUE,NA,NA,NA,NA,271.7,17.7,TRUE,FALSE,17.7,0,NA,20,"SC10","idling"
"826",278,"A",364,NA,TRUE,NA,NA,NA,NA,260.7,28.7,TRUE,FALSE,28.7,0,NA,20,"SC10","idling"
"827",278,"A",364,NA,TRUE,NA,NA,NA,NA,260.7,28.7,TRUE,FALSE,28.7,0,NA,20,"SC10","idling"
"828",283,"A",364,NA,TRUE,NA,356,NA,NA,262.3,27,TRUE,FALSE,24.3,2.7,NA,20,"SC10","idling"
"829",294,"A",364,NA,TRUE,NA,341,NA,NA,266,23.3,TRUE,FALSE,15.7,7.7,NA,20,"SC10","idling"
"830",294,"A",364,NA,TRUE,NA,341,NA,NA,266,23.3,TRUE,FALSE,15.7,7.7,NA,20,"SC10","idling"
"831",48,"A",56,NA,NA,TRUE,NA,NA,NA,184,2.7,FALSE,TRUE,2.7,0,NA,20,"SC10","idling"
"832",49,"A",65,NA,NA,TRUE,NA,NA,NA,184.3,5.3,FALSE,TRUE,5.3,0,NA,20,"SC10","idling"
"833",113,"A",134,NA,NA,TRUE,NA,NA,NA,205.7,7,FALSE,TRUE,7,0,NA,20,"SC10","idling"
"834",314,"A",319,NA,NA,TRUE,NA,NA,NA,272.7,1.7,FALSE,TRUE,1.7,0,NA,20,"SC10","idling"
"835",124,"A",185,NA,NA,TRUE,140,NA,NA,209.3,20.3,FALSE,TRUE,5.3,15,NA,20,"SC10","idling"
"836",250,"A",285,NA,NA,TRUE,NA,NA,NA,251.3,11.7,FALSE,TRUE,11.7,0,NA,20,"SC10","idling"
"837",119,"A",123,NA,NA,TRUE,NA,NA,NA,207.7,1.3,FALSE,TRUE,1.3,0,NA,20,"SC10","idling"
"838",119,"A",123,NA,NA,TRUE,NA,NA,NA,207.7,1.3,FALSE,TRUE,1.3,0,NA,20,"SC10","idling"
"839",178,"A",199,NA,NA,TRUE,NA,NA,NA,227.3,7,FALSE,TRUE,7,0,NA,20,"SC10","idling"
"840",110,"A",136,NA,NA,TRUE,NA,NA,NA,204.7,8.7,FALSE,TRUE,8.7,0,NA,20,"SC10","idling"
"841",242,"A",283,NA,NA,TRUE,NA,NA,NA,248.7,13.7,FALSE,TRUE,13.7,0,NA,20,"SC10","idling"
"842",67,"B",104,NA,NA,TRUE,NA,NA,NA,190.3,12.3,FALSE,TRUE,12.3,0,NA,20,"SC10","idling"
"843",116,"A",166,NA,NA,TRUE,NA,NA,NA,206.7,16.7,FALSE,TRUE,16.7,0,NA,20,"SC10","idling"
"844",7,"B",19,NA,NA,TRUE,NA,NA,NA,170.3,4,FALSE,TRUE,4,0,NA,20,"SC10","idling"
"845",17,"A",56,NA,NA,TRUE,NA,NA,NA,173.7,13,FALSE,TRUE,13,0,NA,20,"SC10","idling"
"846",17,"A",61,NA,NA,TRUE,NA,NA,NA,173.7,14.7,FALSE,TRUE,14.7,0,NA,20,"SC10","idling"
"847",134,"A",139,NA,NA,TRUE,NA,NA,NA,212.7,1.7,FALSE,TRUE,1.7,0,NA,20,"SC10","idling"
"848",58,"A",61,NA,NA,TRUE,NA,NA,NA,187.3,1,FALSE,TRUE,1,0,NA,20,"SC10","idling"
"849",7,"C",28,NA,NA,TRUE,NA,NA,NA,170.3,7,FALSE,TRUE,7,0,NA,20,"SC10","idling"
"850",92,"A",98,NA,NA,TRUE,NA,NA,NA,198.7,2,FALSE,TRUE,2,0,NA,20,"SC10","idling"
"851",92,"A",104,NA,NA,TRUE,NA,NA,NA,198.7,4,FALSE,TRUE,4,0,NA,20,"SC10","idling"
"852",66,"A",139,NA,NA,TRUE,NA,NA,NA,190,24.3,FALSE,TRUE,24.3,0,NA,20,"SC10","idling"
"853",66,"A",140,NA,NA,TRUE,NA,NA,NA,190,24.7,FALSE,TRUE,24.7,0,NA,20,"SC10","idling"
"854",169,"A",204,NA,NA,TRUE,NA,NA,NA,224.3,11.7,FALSE,TRUE,11.7,0,NA,20,"SC10","idling"
"855",289,"B",324,NA,NA,TRUE,NA,NA,NA,264.3,11.7,FALSE,TRUE,11.7,0,NA,20,"SC10","idling"
"856",258,"B",294,NA,NA,TRUE,NA,NA,NA,254,12,FALSE,TRUE,12,0,NA,20,"SC10","idling"
"857",258,"A",295,NA,NA,TRUE,NA,NA,NA,254,12.3,FALSE,TRUE,12.3,0,NA,20,"SC10","idling"
"858",191,"A",312,NA,NA,NA,246,NA,NA,231.7,40.3,FALSE,FALSE,18.3,22,NA,20,"SC10","idling"
"859",191,"A",312,NA,NA,NA,250,NA,NA,231.7,40.3,FALSE,FALSE,19.7,20.7,NA,20,"SC10","idling"
"860",174,"A",282,NA,NA,NA,258,NA,NA,226,36,FALSE,FALSE,28,8,NA,20,"SC10","idling"
"861",174,"A",288,NA,NA,NA,285,NA,NA,226,38,FALSE,FALSE,37,1,NA,20,"SC10","idling"
"862",160,"A",186,NA,NA,NA,177,NA,NA,221.3,8.7,FALSE,FALSE,5.7,3,NA,20,"SC10","idling"
"863",171,"B",294,NA,NA,NA,255,NA,NA,225,41,FALSE,FALSE,28,13,NA,20,"SC10","idling"
"864",104,"A",306,NA,NA,NA,269,NA,NA,202.7,67.3,FALSE,FALSE,55,12.3,NA,20,"SC10","idling"
"865",104,"A",306,NA,NA,NA,271,NA,NA,202.7,67.3,FALSE,FALSE,55.7,11.7,NA,20,"SC10","idling"
"866",242,"A",348,NA,NA,NA,313,NA,NA,248.7,35.3,FALSE,FALSE,23.7,11.7,NA,20,"SC10","idling"
"867",5,"A",74,NA,NA,NA,42,NA,NA,169.7,23,FALSE,FALSE,12.3,10.7,NA,20,"SC10","idling"
"868",162,"A",245,NA,NA,NA,206,NA,NA,222,27.7,FALSE,FALSE,14.7,13,NA,20,"SC10","idling"
"869",162,"A",245,NA,NA,NA,206,NA,NA,222,27.7,FALSE,FALSE,14.7,13,NA,20,"SC10","idling"
"870",164,"A",349,NA,NA,NA,216,NA,NA,222.7,61.7,FALSE,FALSE,17.3,44.3,NA,20,"SC10","idling"
"871",164,"A",349,NA,NA,NA,217,NA,NA,222.7,61.7,FALSE,FALSE,17.7,44,NA,20,"SC10","idling"
"872",153,"A",233,NA,NA,NA,187,NA,NA,219,26.7,FALSE,FALSE,11.3,15.3,NA,20,"SC10","idling"
"873",153,"A",233,NA,NA,NA,188,NA,NA,219,26.7,FALSE,FALSE,11.7,15,NA,20,"SC10","idling"
"874",234,"A",321,NA,NA,NA,290,NA,NA,246,29,FALSE,FALSE,18.7,10.3,NA,20,"SC10","idling"
"875",5,"B",79,NA,NA,NA,47,NA,NA,169.7,24.7,FALSE,FALSE,14,10.7,NA,20,"SC10","idling"
"876",30,"B",90,NA,NA,NA,63,NA,NA,178,20,FALSE,FALSE,11,9,NA,20,"SC10","idling"
"877",30,"B",106,NA,NA,NA,72,NA,NA,178,25.3,FALSE,FALSE,14,11.3,NA,20,"SC10","idling"
"878",91,"A",157,NA,NA,NA,126,NA,NA,198.3,22,FALSE,FALSE,11.7,10.3,NA,20,"SC10","idling"
"879",91,"A",162,NA,NA,NA,131,NA,NA,198.3,23.7,FALSE,FALSE,13.3,10.3,NA,20,"SC10","idling"
"880",107,"A",222,NA,NA,NA,182,NA,NA,203.7,38.3,FALSE,FALSE,25,13.3,NA,20,"SC10","idling"
"881",107,"A",186,NA,NA,NA,184,NA,NA,203.7,26.3,FALSE,FALSE,25.7,0.7,NA,20,"SC10","idling"
"882",223,"A",291,NA,NA,NA,262,NA,NA,242.3,22.7,FALSE,FALSE,13,9.7,NA,20,"SC10","idling"
"883",223,"A",310,NA,NA,NA,285,NA,NA,242.3,29,FALSE,FALSE,20.7,8.3,NA,20,"SC10","idling"
"884",161,"A",305,NA,NA,NA,271,NA,NA,221.7,48,FALSE,FALSE,36.7,11.3,NA,20,"SC10","idling"
"885",126,"A",171,NA,NA,NA,156,NA,NA,210,15,FALSE,FALSE,10,5,NA,20,"SC10","idling"
"886",175,"A",280,NA,NA,NA,238,NA,NA,226.3,35,FALSE,FALSE,21,14,NA,20,"SC10","idling"
"887",209,"A",320,NA,NA,NA,265,NA,NA,237.7,37,FALSE,FALSE,18.7,18.3,NA,20,"SC10","idling"
"888",113,"B",255,NA,NA,NA,217,NA,NA,205.7,47.3,FALSE,FALSE,34.7,12.7,NA,20,"SC10","idling"
"889",136,"A",270,NA,NA,NA,226,NA,NA,213.3,44.7,FALSE,FALSE,30,14.7,NA,20,"SC10","idling"
"890",213,"A",324,NA,NA,NA,281,NA,NA,239,37,FALSE,FALSE,22.7,14.3,NA,20,"SC10","idling"
"891",8,"A",9,NA,NA,TRUE,NA,NA,NA,170.7,0.3,FALSE,TRUE,0.3,0,NA,20,"SC10","idling"
"892",9,"A",58,NA,NA,TRUE,NA,NA,NA,171,16.3,FALSE,TRUE,16.3,0,NA,20,"SC10","idling"
"893",10,"A",21,NA,NA,TRUE,NA,NA,NA,171.3,3.7,FALSE,TRUE,3.7,0,NA,20,"SC10","idling"
"894",16,"A",28,NA,NA,TRUE,NA,NA,NA,173.3,4,FALSE,TRUE,4,0,NA,20,"SC10","idling"
"895",17,"A",97,NA,NA,TRUE,NA,NA,NA,173.7,26.7,FALSE,TRUE,26.7,0,NA,20,"SC10","idling"
"896",17,"A",97,NA,NA,TRUE,NA,NA,NA,173.7,26.7,FALSE,TRUE,26.7,0,NA,20,"SC10","idling"
"897",19,"B",34,NA,NA,TRUE,NA,NA,NA,174.3,5,FALSE,TRUE,5,0,NA,20,"SC10","idling"
"898",19,"B",89,NA,NA,TRUE,59,NA,NA,174.3,23.3,FALSE,TRUE,13.3,10,NA,20,"SC10","idling"
"899",23,"A",122,NA,NA,TRUE,91,NA,NA,175.7,33,FALSE,TRUE,22.7,10.3,NA,20,"SC10","idling"
"900",27,"A",51,NA,NA,TRUE,NA,NA,NA,177,8,FALSE,TRUE,8,0,NA,20,"SC10","idling"
"901",28,"A",57,NA,NA,TRUE,NA,NA,NA,177.3,9.7,FALSE,TRUE,9.7,0,NA,20,"SC10","idling"
"902",32,"A",58,NA,NA,TRUE,NA,NA,NA,178.7,8.7,FALSE,TRUE,8.7,0,NA,20,"SC10","idling"
"903",32,"A",82,NA,NA,TRUE,NA,NA,NA,178.7,16.7,FALSE,TRUE,16.7,0,NA,20,"SC10","idling"
"904",34,"A",81,NA,NA,TRUE,NA,NA,NA,179.3,15.7,FALSE,TRUE,15.7,0,NA,20,"SC10","idling"
"905",41,"A",111,NA,NA,TRUE,NA,NA,NA,181.7,23.3,FALSE,TRUE,23.3,0,NA,20,"SC10","idling"
"906",41,"A",191,NA,NA,TRUE,128,NA,NA,181.7,50,FALSE,TRUE,29,21,NA,20,"SC10","idling"
"907",43,"A",52,NA,NA,TRUE,NA,NA,NA,182.3,3,FALSE,TRUE,3,0,NA,20,"SC10","idling"
"908",46,"A",58,NA,NA,TRUE,NA,NA,NA,183.3,4,FALSE,TRUE,4,0,NA,20,"SC10","idling"
"909",46,"A",107,NA,NA,TRUE,NA,NA,NA,183.3,20.3,FALSE,TRUE,20.3,0,NA,20,"SC10","idling"
"910",46,"B",364,NA,NA,TRUE,132,NA,NA,183.3,106,FALSE,TRUE,28.7,77.3,NA,20,"SC10","idling"
"911",53,"A",82,NA,NA,TRUE,NA,NA,NA,185.7,9.7,FALSE,TRUE,9.7,0,NA,20,"SC10","idling"
"912",53,"A",82,NA,NA,TRUE,NA,NA,NA,185.7,9.7,FALSE,TRUE,9.7,0,NA,20,"SC10","idling"
"913",53,"B",73,NA,NA,TRUE,NA,NA,NA,185.7,6.7,FALSE,TRUE,6.7,0,NA,20,"SC10","idling"
"914",53,"B",267,NA,NA,TRUE,NA,NA,NA,185.7,71.3,FALSE,TRUE,71.3,0,NA,20,"SC10","idling"
"915",54,"A",69,NA,NA,TRUE,NA,NA,NA,186,5,FALSE,TRUE,5,0,NA,20,"SC10","idling"
"916",56,"A",194,NA,NA,TRUE,NA,NA,NA,186.7,46,FALSE,TRUE,46,0,NA,20,"SC10","idling"
"917",56,"A",326,NA,NA,TRUE,NA,NA,NA,186.7,90,FALSE,TRUE,90,0,NA,20,"SC10","idling"
"918",60,"A",110,NA,NA,TRUE,NA,NA,NA,188,16.7,FALSE,TRUE,16.7,0,NA,20,"SC10","idling"
"919",62,"A",69,NA,NA,TRUE,NA,NA,NA,188.7,2.3,FALSE,TRUE,2.3,0,NA,20,"SC10","idling"
"920",62,"A",69,NA,NA,TRUE,NA,NA,NA,188.7,2.3,FALSE,TRUE,2.3,0,NA,20,"SC10","idling"
"921",65,"A",148,NA,NA,TRUE,NA,NA,NA,189.7,27.7,FALSE,TRUE,27.7,0,NA,20,"SC10","idling"
"922",65,"A",284,NA,NA,TRUE,202,NA,NA,189.7,73,FALSE,TRUE,45.7,27.3,NA,20,"SC10","idling"
"923",65,"B",284,NA,NA,TRUE,202,NA,NA,189.7,73,FALSE,TRUE,45.7,27.3,NA,20,"SC10","idling"
"924",65,"B",284,NA,NA,TRUE,202,NA,NA,189.7,73,FALSE,TRUE,45.7,27.3,NA,20,"SC10","idling"
"925",65,"C",118,NA,NA,TRUE,NA,NA,NA,189.7,17.7,FALSE,TRUE,17.7,0,NA,20,"SC10","idling"
"926",66,"B",265,NA,NA,TRUE,217,NA,NA,190,66.3,FALSE,TRUE,50.3,16,NA,20,"SC10","idling"
"927",81,"B",102,NA,NA,TRUE,NA,NA,NA,195,7,FALSE,TRUE,7,0,NA,20,"SC10","idling"
"928",81,"B",168,NA,NA,TRUE,NA,NA,NA,195,29,FALSE,TRUE,29,0,NA,20,"SC10","idling"
"929",90,"A",114,NA,NA,TRUE,NA,NA,NA,198,8,FALSE,TRUE,8,0,NA,20,"SC10","idling"
"930",90,"A",280,NA,NA,TRUE,NA,NA,NA,198,63.3,FALSE,TRUE,63.3,0,NA,20,"SC10","idling"
"931",91,"A",94,NA,NA,TRUE,NA,NA,NA,198.3,1,FALSE,TRUE,1,0,NA,20,"SC10","idling"
"932",91,"A",125,NA,NA,TRUE,NA,NA,NA,198.3,11.3,FALSE,TRUE,11.3,0,NA,20,"SC10","idling"
"933",93,"A",104,NA,NA,TRUE,NA,NA,NA,199,3.7,FALSE,TRUE,3.7,0,NA,20,"SC10","idling"
"934",93,"A",236,NA,NA,TRUE,164,NA,NA,199,47.7,FALSE,TRUE,23.7,24,NA,20,"SC10","idling"
"935",93,"B",102,NA,NA,TRUE,NA,NA,NA,199,3,FALSE,TRUE,3,0,NA,20,"SC10","idling"
"936",93,"B",102,NA,NA,TRUE,NA,NA,NA,199,3,FALSE,TRUE,3,0,NA,20,"SC10","idling"
"937",103,"A",291,NA,NA,TRUE,155,NA,NA,202.3,62.7,FALSE,TRUE,17.3,45.3,NA,20,"SC10","idling"
"938",116,"A",174,NA,NA,TRUE,142,NA,NA,206.7,19.3,FALSE,TRUE,8.7,10.7,NA,20,"SC10","idling"
"939",116,"A",121,NA,NA,TRUE,NA,NA,NA,206.7,1.7,FALSE,TRUE,1.7,0,NA,20,"SC10","idling"
"940",126,"A",361,NA,NA,TRUE,NA,NA,NA,210,78.3,FALSE,TRUE,78.3,0,NA,20,"SC10","idling"
"941",126,"A",361,NA,NA,TRUE,NA,NA,NA,210,78.3,FALSE,TRUE,78.3,0,NA,20,"SC10","idling"
"942",131,"A",256,NA,NA,TRUE,195,NA,NA,211.7,41.7,FALSE,TRUE,21.3,20.3,NA,20,"SC10","idling"
"943",131,"A",256,NA,NA,TRUE,195,NA,NA,211.7,41.7,FALSE,TRUE,21.3,20.3,NA,20,"SC10","idling"
"944",131,"B",139,NA,NA,TRUE,NA,NA,NA,211.7,2.7,FALSE,TRUE,2.7,0,NA,20,"SC10","idling"
"945",131,"B",258,NA,NA,TRUE,NA,NA,NA,211.7,42.3,FALSE,TRUE,42.3,0,NA,20,"SC10","idling"
"946",141,"A",169,NA,NA,TRUE,NA,NA,NA,215,9.3,FALSE,TRUE,9.3,0,NA,20,"SC10","idling"
"947",141,"A",258,NA,NA,TRUE,NA,NA,NA,215,39,FALSE,TRUE,39,0,NA,20,"SC10","idling"
"948",165,"A",224,NA,NA,TRUE,215,NA,NA,223,19.7,FALSE,TRUE,16.7,3,NA,20,"SC10","idling"
"949",168,"A",224,NA,NA,TRUE,NA,NA,NA,224,18.7,FALSE,TRUE,18.7,0,NA,20,"SC10","idling"
"950",170,"A",277,NA,NA,TRUE,243,NA,NA,224.7,35.7,FALSE,TRUE,24.3,11.3,NA,20,"SC10","idling"
"951",170,"A",277,NA,NA,TRUE,243,NA,NA,224.7,35.7,FALSE,TRUE,24.3,11.3,NA,20,"SC10","idling"
"952",189,"A",242,NA,NA,TRUE,NA,NA,NA,231,17.7,FALSE,TRUE,17.7,0,NA,20,"SC10","idling"
"953",189,"A",333,NA,NA,TRUE,NA,NA,NA,231,48,FALSE,TRUE,48,0,NA,20,"SC10","idling"
"954",245,"A",298,NA,NA,TRUE,NA,NA,NA,249.7,17.7,FALSE,TRUE,17.7,0,NA,20,"SC10","idling"
"955",245,"A",284,NA,NA,TRUE,NA,NA,NA,249.7,13,FALSE,TRUE,13,0,NA,20,"SC10","idling"
"956",311,"A",337,NA,NA,TRUE,NA,NA,NA,271.7,8.7,FALSE,TRUE,8.7,0,NA,20,"SC10","idling"
"957",191,"A",286,NA,NA,TRUE,NA,NA,NA,231.7,31.7,FALSE,TRUE,31.7,0,NA,20,"SC10","idling"
"958",202,"A",276,NA,NA,TRUE,NA,NA,NA,235.3,24.7,FALSE,TRUE,24.7,0,NA,20,"SC10","idling"
"959",202,"A",276,NA,NA,TRUE,NA,NA,NA,235.3,24.7,FALSE,TRUE,24.7,0,NA,20,"SC10","idling"
"960",8,"A",93,NA,NA,NA,59,NA,NA,170.7,28.3,FALSE,FALSE,17,11.3,NA,20,"SC10","idling"
"961",11,"B",90,NA,NA,NA,75,NA,NA,171.7,26.3,FALSE,FALSE,21.3,5,NA,20,"SC10","idling"
"962",11,"B",120,NA,NA,NA,80,NA,NA,171.7,36.3,FALSE,FALSE,23,13.3,NA,20,"SC10","idling"
"963",16,"A",117,NA,NA,NA,81,NA,NA,173.3,33.7,FALSE,FALSE,21.7,12,NA,20,"SC10","idling"
"964",23,"A",126,NA,NA,NA,91,NA,NA,175.7,34.3,FALSE,FALSE,22.7,11.7,NA,20,"SC10","idling"
"965",28,"A",121,NA,NA,NA,99,NA,NA,177.3,31,FALSE,FALSE,23.7,7.3,NA,20,"SC10","idling"
"966",34,"A",170,NA,NA,NA,127,NA,NA,179.3,45.3,FALSE,FALSE,31,14.3,NA,20,"SC10","idling"
"967",43,"A",139,NA,NA,NA,101,NA,NA,182.3,32,FALSE,FALSE,19.3,12.7,NA,20,"SC10","idling"
"968",46,"B",364,NA,NA,NA,132,NA,NA,183.3,106,FALSE,FALSE,28.7,77.3,NA,20,"SC10","idling"
"969",54,"A",121,NA,NA,NA,93,NA,NA,186,22.3,FALSE,FALSE,13,9.3,NA,20,"SC10","idling"
"970",60,"A",142,NA,NA,NA,110,NA,NA,188,27.3,FALSE,FALSE,16.7,10.7,NA,20,"SC10","idling"
"971",65,"C",191,NA,NA,NA,149,NA,NA,189.7,42,FALSE,FALSE,28,14,NA,20,"SC10","idling"
"972",66,"B",181,NA,NA,NA,135,NA,NA,190,38.3,FALSE,FALSE,23,15.3,NA,20,"SC10","idling"
"973",86,"A",173,NA,NA,NA,135,NA,NA,196.7,29,FALSE,FALSE,16.3,12.7,NA,20,"SC10","idling"
"974",86,"A",173,NA,NA,NA,135,NA,NA,196.7,29,FALSE,FALSE,16.3,12.7,NA,20,"SC10","idling"
"975",103,"A",270,NA,NA,NA,155,NA,NA,202.3,55.7,FALSE,FALSE,17.3,38.3,NA,20,"SC10","idling"
"976",165,"A",254,NA,NA,NA,240,NA,NA,223,29.7,FALSE,FALSE,25,4.7,NA,20,"SC10","idling"
"977",168,"A",256,NA,NA,NA,220,NA,NA,224,29.3,FALSE,FALSE,17.3,12,NA,20,"SC10","idling"
"978",168,"A",312,NA,NA,NA,294,NA,NA,224,48,FALSE,FALSE,42,6,NA,20,"SC10","idling"
"979",168,"A",311,NA,NA,NA,279,NA,NA,224,47.7,FALSE,FALSE,37,10.7,NA,20,"SC10","idling"
"980",199,"A",283,NA,NA,NA,256,NA,NA,234.3,28,FALSE,FALSE,19,9,NA,20,"SC10","idling"
"981",199,"A",312,NA,NA,NA,279,NA,NA,234.3,37.7,FALSE,FALSE,26.7,11,NA,20,"SC10","idling"
"982",265,"A",344,NA,NA,NA,309,NA,NA,256.3,26.3,FALSE,FALSE,14.7,11.7,NA,20,"SC10","idling"
"983",265,"A",344,NA,NA,NA,309,NA,NA,256.3,26.3,FALSE,FALSE,14.7,11.7,NA,20,"SC10","idling"
"984",283,"A",359,NA,NA,NA,336,NA,NA,262.3,25.3,FALSE,FALSE,17.7,7.7,NA,20,"SC10","idling"
